"Countries","ResidualCorrelation"
"ALGERIA (NLS-1) and ANGOLA (OLS)",0.0806527410456848
"ALGERIA (NLS-1) and BENIN (NLS-1)",0.248678770235308
"ANGOLA (OLS) and BENIN (NLS-1)",-0.14963668280023
"ALGERIA (NLS-1) and BOTSWANA (NLS-1)",-0.140843907058475
"ANGOLA (OLS) and BOTSWANA (NLS-1)",-0.0316054262619176
"BENIN (NLS-1) and BOTSWANA (NLS-1)",-0.0717863801558484
"ALGERIA (NLS-1) and BURKINAFASO (NLS-1)",-0.0260425593300746
"ANGOLA (OLS) and BURKINAFASO (NLS-1)",0.107892970274393
"BENIN (NLS-1) and BURKINAFASO (NLS-1)",0.0748826293904005
"BOTSWANA (NLS-1) and BURKINAFASO (NLS-1)",-0.0704771929605921
"ALGERIA (NLS-1) and BURUNDI (NLS-1)",-0.132687693807604
"ANGOLA (OLS) and BURUNDI (NLS-1)",-0.0772494730288115
"BENIN (NLS-1) and BURUNDI (NLS-1)",0.135414398705225
"BOTSWANA (NLS-1) and BURUNDI (NLS-1)",-0.119326625818575
"BURKINAFASO (NLS-1) and BURUNDI (NLS-1)",0.0190164741256176
"ALGERIA (NLS-1) and CABOVERDE (OLS)",-0.0313316801941489
"ANGOLA (OLS) and CABOVERDE (OLS)",0.134233572076478
"BENIN (NLS-1) and CABOVERDE (OLS)",0.0627657031163431
"BOTSWANA (NLS-1) and CABOVERDE (OLS)",0.234298300254584
"BURKINAFASO (NLS-1) and CABOVERDE (OLS)",-0.150226258338819
"BURUNDI (NLS-1) and CABOVERDE (OLS)",-0.00937967080852044
"ALGERIA (NLS-1) and CAMEROON (NLS-1)",0.153836208517745
"ANGOLA (OLS) and CAMEROON (NLS-1)",0.233951308783823
"BENIN (NLS-1) and CAMEROON (NLS-1)",0.372276987168414
"BOTSWANA (NLS-1) and CAMEROON (NLS-1)",0.142564122067549
"BURKINAFASO (NLS-1) and CAMEROON (NLS-1)",0.0674619242638403
"BURUNDI (NLS-1) and CAMEROON (NLS-1)",-0.0355165531697713
"CABOVERDE (OLS) and CAMEROON (NLS-1)",0.0605107906595157
"ALGERIA (NLS-1) and CAR (NLS-2)",0.119893659624321
"ANGOLA (OLS) and CAR (NLS-2)",0.0695713690314441
"BENIN (NLS-1) and CAR (NLS-2)",-0.0913467165418509
"BOTSWANA (NLS-1) and CAR (NLS-2)",-0.0850479684817276
"BURKINAFASO (NLS-1) and CAR (NLS-2)",-0.0797424285714075
"BURUNDI (NLS-1) and CAR (NLS-2)",0.0707523754696584
"CABOVERDE (OLS) and CAR (NLS-2)",0.0508258376688639
"CAMEROON (NLS-1) and CAR (NLS-2)",-0.020677450549751
"ALGERIA (NLS-1) and CHAD (NLS-1)",-0.0186910811696225
"ANGOLA (OLS) and CHAD (NLS-1)",0.0854111941155501
"BENIN (NLS-1) and CHAD (NLS-1)",-0.0645796515967093
"BOTSWANA (NLS-1) and CHAD (NLS-1)",0.112592528677882
"BURKINAFASO (NLS-1) and CHAD (NLS-1)",-0.036621563608173
"BURUNDI (NLS-1) and CHAD (NLS-1)",0.0418173891969215
"CABOVERDE (OLS) and CHAD (NLS-1)",0.231689914528378
"CAMEROON (NLS-1) and CHAD (NLS-1)",0.0167370661558229
"CAR (NLS-2) and CHAD (NLS-1)",0.216544965531838
"ALGERIA (NLS-1) and COMOROS (NLS-1)",0.161790338722258
"ANGOLA (OLS) and COMOROS (NLS-1)",-0.257971176934699
"BENIN (NLS-1) and COMOROS (NLS-1)",0.0683508831868872
"BOTSWANA (NLS-1) and COMOROS (NLS-1)",0.060157613961064
"BURKINAFASO (NLS-1) and COMOROS (NLS-1)",-0.0893203460777061
"BURUNDI (NLS-1) and COMOROS (NLS-1)",-0.0837442303921278
"CABOVERDE (OLS) and COMOROS (NLS-1)",0.086442655697083
"CAMEROON (NLS-1) and COMOROS (NLS-1)",-0.0954074368633008
"CAR (NLS-2) and COMOROS (NLS-1)",-0.136575782875097
"CHAD (NLS-1) and COMOROS (NLS-1)",-0.184565455892339
"ALGERIA (NLS-1) and CONGODR (NLS-2)",-0.289008797714935
"ANGOLA (OLS) and CONGODR (NLS-2)",0.326010975725961
"BENIN (NLS-1) and CONGODR (NLS-2)",-0.12948005807426
"BOTSWANA (NLS-1) and CONGODR (NLS-2)",0.0614593572180553
"BURKINAFASO (NLS-1) and CONGODR (NLS-2)",0.0844230458948844
"BURUNDI (NLS-1) and CONGODR (NLS-2)",-0.123382179522632
"CABOVERDE (OLS) and CONGODR (NLS-2)",-0.0549372260105738
"CAMEROON (NLS-1) and CONGODR (NLS-2)",0.25444415509342
"CAR (NLS-2) and CONGODR (NLS-2)",0.0350475579930744
"CHAD (NLS-1) and CONGODR (NLS-2)",0.0863751342897179
"COMOROS (NLS-1) and CONGODR (NLS-2)",-0.0445374415580059
"ALGERIA (NLS-1) and CONGOREPUB (NLS-1)",-0.100885552645275
"ANGOLA (OLS) and CONGOREPUB (NLS-1)",-0.0142228647099311
"BENIN (NLS-1) and CONGOREPUB (NLS-1)",0.0347888986999577
"BOTSWANA (NLS-1) and CONGOREPUB (NLS-1)",-0.161677268370834
"BURKINAFASO (NLS-1) and CONGOREPUB (NLS-1)",0.0378297921011951
"BURUNDI (NLS-1) and CONGOREPUB (NLS-1)",-0.228913561608714
"CABOVERDE (OLS) and CONGOREPUB (NLS-1)",-0.234913056472905
"CAMEROON (NLS-1) and CONGOREPUB (NLS-1)",-0.14562266321281
"CAR (NLS-2) and CONGOREPUB (NLS-1)",-0.069345671469117
"CHAD (NLS-1) and CONGOREPUB (NLS-1)",0.046563210633227
"COMOROS (NLS-1) and CONGOREPUB (NLS-1)",0.117092742158398
"CONGODR (NLS-2) and CONGOREPUB (NLS-1)",-0.0335349165609157
"ALGERIA (NLS-1) and DJIBOUTI (NLS-1)",0.0549076572486163
"ANGOLA (OLS) and DJIBOUTI (NLS-1)",0.231045192518474
"BENIN (NLS-1) and DJIBOUTI (NLS-1)",-0.153346421495199
"BOTSWANA (NLS-1) and DJIBOUTI (NLS-1)",0.0222942766152385
"BURKINAFASO (NLS-1) and DJIBOUTI (NLS-1)",-0.0941942156470092
"BURUNDI (NLS-1) and DJIBOUTI (NLS-1)",-0.132471742497467
"CABOVERDE (OLS) and DJIBOUTI (NLS-1)",-0.00678787833865038
"CAMEROON (NLS-1) and DJIBOUTI (NLS-1)",-0.090551723929596
"CAR (NLS-2) and DJIBOUTI (NLS-1)",0.086137820348175
"CHAD (NLS-1) and DJIBOUTI (NLS-1)",0.074967208455385
"COMOROS (NLS-1) and DJIBOUTI (NLS-1)",0.0704871800477551
"CONGODR (NLS-2) and DJIBOUTI (NLS-1)",0.101810343946861
"CONGOREPUB (NLS-1) and DJIBOUTI (NLS-1)",-0.00675640952988135
"ALGERIA (NLS-1) and EGYPT (NLS-1)",0.13173064299242
"ANGOLA (OLS) and EGYPT (NLS-1)",0.23639176705566
"BENIN (NLS-1) and EGYPT (NLS-1)",0.0772173804841778
"BOTSWANA (NLS-1) and EGYPT (NLS-1)",0.121558429766249
"BURKINAFASO (NLS-1) and EGYPT (NLS-1)",0.103759821377003
"BURUNDI (NLS-1) and EGYPT (NLS-1)",-0.0229731482036878
"CABOVERDE (OLS) and EGYPT (NLS-1)",0.10825828798258
"CAMEROON (NLS-1) and EGYPT (NLS-1)",0.0701515838755761
"CAR (NLS-2) and EGYPT (NLS-1)",0.143680857050115
"CHAD (NLS-1) and EGYPT (NLS-1)",0.176485105063109
"COMOROS (NLS-1) and EGYPT (NLS-1)",0.0844404080014685
"CONGODR (NLS-2) and EGYPT (NLS-1)",-0.000242261906780791
"CONGOREPUB (NLS-1) and EGYPT (NLS-1)",0.0316135917855618
"DJIBOUTI (NLS-1) and EGYPT (NLS-1)",0.0668175497272727
"ALGERIA (NLS-1) and EQGUINEA (NLS-2)",-0.119111258934036
"ANGOLA (OLS) and EQGUINEA (NLS-2)",-0.146148344574294
"BENIN (NLS-1) and EQGUINEA (NLS-2)",0.125555981101833
"BOTSWANA (NLS-1) and EQGUINEA (NLS-2)",0.0860265167850829
"BURKINAFASO (NLS-1) and EQGUINEA (NLS-2)",-0.0322944439269848
"BURUNDI (NLS-1) and EQGUINEA (NLS-2)",-0.221147232185592
"CABOVERDE (OLS) and EQGUINEA (NLS-2)",0.0203384623228829
"CAMEROON (NLS-1) and EQGUINEA (NLS-2)",0.16590491877712
"CAR (NLS-2) and EQGUINEA (NLS-2)",0.130533264692712
"CHAD (NLS-1) and EQGUINEA (NLS-2)",0.210015641435416
"COMOROS (NLS-1) and EQGUINEA (NLS-2)",0.119271348323706
"CONGODR (NLS-2) and EQGUINEA (NLS-2)",0.10897831507251
"CONGOREPUB (NLS-1) and EQGUINEA (NLS-2)",-0.0189917627091733
"DJIBOUTI (NLS-1) and EQGUINEA (NLS-2)",0.23406783666664
"EGYPT (NLS-1) and EQGUINEA (NLS-2)",-0.0837818434301614
"ALGERIA (NLS-1) and ERITREA (OLS)",0.197674685583227
"ANGOLA (OLS) and ERITREA (OLS)",-0.151883272863762
"BENIN (NLS-1) and ERITREA (OLS)",0.0902286906440148
"BOTSWANA (NLS-1) and ERITREA (OLS)",-0.195094083043601
"BURKINAFASO (NLS-1) and ERITREA (OLS)",-0.228220420328792
"BURUNDI (NLS-1) and ERITREA (OLS)",-0.0203256721360943
"CABOVERDE (OLS) and ERITREA (OLS)",-0.0327568070991143
"CAMEROON (NLS-1) and ERITREA (OLS)",-0.110536096954714
"CAR (NLS-2) and ERITREA (OLS)",0.167369956156412
"CHAD (NLS-1) and ERITREA (OLS)",0.0039697506459277
"COMOROS (NLS-1) and ERITREA (OLS)",-0.125752352290204
"CONGODR (NLS-2) and ERITREA (OLS)",-0.408122354353833
"CONGOREPUB (NLS-1) and ERITREA (OLS)",-0.0754971303206266
"DJIBOUTI (NLS-1) and ERITREA (OLS)",0.151391144891669
"EGYPT (NLS-1) and ERITREA (OLS)",-0.193933194006112
"EQGUINEA (NLS-2) and ERITREA (OLS)",0.0292730649895609
"ALGERIA (NLS-1) and ETHIOPIA (NLS-2)",-0.0599809800670241
"ANGOLA (OLS) and ETHIOPIA (NLS-2)",0.0710004016682511
"BENIN (NLS-1) and ETHIOPIA (NLS-2)",0.052499341787691
"BOTSWANA (NLS-1) and ETHIOPIA (NLS-2)",-0.0993629068853801
"BURKINAFASO (NLS-1) and ETHIOPIA (NLS-2)",0.0122154478344346
"BURUNDI (NLS-1) and ETHIOPIA (NLS-2)",-0.103173761137549
"CABOVERDE (OLS) and ETHIOPIA (NLS-2)",-0.10868307583419
"CAMEROON (NLS-1) and ETHIOPIA (NLS-2)",-0.0349450464277316
"CAR (NLS-2) and ETHIOPIA (NLS-2)",-0.0389813391429606
"CHAD (NLS-1) and ETHIOPIA (NLS-2)",-0.0719681666843841
"COMOROS (NLS-1) and ETHIOPIA (NLS-2)",-0.0521249618661748
"CONGODR (NLS-2) and ETHIOPIA (NLS-2)",0.171096354200169
"CONGOREPUB (NLS-1) and ETHIOPIA (NLS-2)",-0.0214523547446612
"DJIBOUTI (NLS-1) and ETHIOPIA (NLS-2)",-0.0495790733653311
"EGYPT (NLS-1) and ETHIOPIA (NLS-2)",0.0657678082147101
"EQGUINEA (NLS-2) and ETHIOPIA (NLS-2)",0.0143952058921241
"ERITREA (OLS) and ETHIOPIA (NLS-2)",0.0792138875100352
"ALGERIA (NLS-1) and GABON (NLS-1)",0.0304436226340888
"ANGOLA (OLS) and GABON (NLS-1)",-0.108928640273646
"BENIN (NLS-1) and GABON (NLS-1)",-0.0805147965816814
"BOTSWANA (NLS-1) and GABON (NLS-1)",-0.167765265245253
"BURKINAFASO (NLS-1) and GABON (NLS-1)",0.370063229567608
"BURUNDI (NLS-1) and GABON (NLS-1)",-0.16596151089931
"CABOVERDE (OLS) and GABON (NLS-1)",-0.133374335890539
"CAMEROON (NLS-1) and GABON (NLS-1)",-0.0179714763402949
"CAR (NLS-2) and GABON (NLS-1)",-0.0270185929938036
"CHAD (NLS-1) and GABON (NLS-1)",-0.0694876219286937
"COMOROS (NLS-1) and GABON (NLS-1)",-0.0898207327294008
"CONGODR (NLS-2) and GABON (NLS-1)",-0.0636049490184162
"CONGOREPUB (NLS-1) and GABON (NLS-1)",-0.0175244506143893
"DJIBOUTI (NLS-1) and GABON (NLS-1)",-0.0834709312763285
"EGYPT (NLS-1) and GABON (NLS-1)",-0.00318253924700585
"EQGUINEA (NLS-2) and GABON (NLS-1)",-0.133799037423352
"ERITREA (OLS) and GABON (NLS-1)",0.132235060771172
"ETHIOPIA (NLS-2) and GABON (NLS-1)",0.15193930805756
"ALGERIA (NLS-1) and GAMBIA (NLS-1)",0.280144550999605
"ANGOLA (OLS) and GAMBIA (NLS-1)",-0.117404186014469
"BENIN (NLS-1) and GAMBIA (NLS-1)",-0.0896680408994365
"BOTSWANA (NLS-1) and GAMBIA (NLS-1)",-0.159289057983678
"BURKINAFASO (NLS-1) and GAMBIA (NLS-1)",-0.0946002489590863
"BURUNDI (NLS-1) and GAMBIA (NLS-1)",0.17052297918266
"CABOVERDE (OLS) and GAMBIA (NLS-1)",-0.126728229734461
"CAMEROON (NLS-1) and GAMBIA (NLS-1)",-0.062082503479154
"CAR (NLS-2) and GAMBIA (NLS-1)",-0.105909712907682
"CHAD (NLS-1) and GAMBIA (NLS-1)",0.212974153281322
"COMOROS (NLS-1) and GAMBIA (NLS-1)",-0.02696082680582
"CONGODR (NLS-2) and GAMBIA (NLS-1)",-0.383612975362554
"CONGOREPUB (NLS-1) and GAMBIA (NLS-1)",-0.0851499787947776
"DJIBOUTI (NLS-1) and GAMBIA (NLS-1)",-0.273438348690936
"EGYPT (NLS-1) and GAMBIA (NLS-1)",0.259023908121801
"EQGUINEA (NLS-2) and GAMBIA (NLS-1)",-0.234968616012211
"ERITREA (OLS) and GAMBIA (NLS-1)",-0.0104414268988978
"ETHIOPIA (NLS-2) and GAMBIA (NLS-1)",-0.0645071186505962
"GABON (NLS-1) and GAMBIA (NLS-1)",0.152107512427926
"ALGERIA (NLS-1) and GHANA (OLS)",0.00653183574430265
"ANGOLA (OLS) and GHANA (OLS)",0.0864994076427879
"BENIN (NLS-1) and GHANA (OLS)",0.262544367544311
"BOTSWANA (NLS-1) and GHANA (OLS)",0.04267475651547
"BURKINAFASO (NLS-1) and GHANA (OLS)",0.0228202444803112
"BURUNDI (NLS-1) and GHANA (OLS)",0.0973731986471762
"CABOVERDE (OLS) and GHANA (OLS)",0.117707413860051
"CAMEROON (NLS-1) and GHANA (OLS)",-0.0181083295575714
"CAR (NLS-2) and GHANA (OLS)",-0.018147628710824
"CHAD (NLS-1) and GHANA (OLS)",0.100440188002498
"COMOROS (NLS-1) and GHANA (OLS)",-0.0405206732955767
"CONGODR (NLS-2) and GHANA (OLS)",0.161200078315288
"CONGOREPUB (NLS-1) and GHANA (OLS)",0.0969687959074217
"DJIBOUTI (NLS-1) and GHANA (OLS)",0.26008755025874
"EGYPT (NLS-1) and GHANA (OLS)",-0.0669018596533981
"EQGUINEA (NLS-2) and GHANA (OLS)",0.105933002517451
"ERITREA (OLS) and GHANA (OLS)",-0.0110520883251911
"ETHIOPIA (NLS-2) and GHANA (OLS)",0.0269029129413743
"GABON (NLS-1) and GHANA (OLS)",-0.244028438900634
"GAMBIA (NLS-1) and GHANA (OLS)",-0.211764560010182
"ALGERIA (NLS-1) and GUINEA (NLS-1)",-0.0494591415357057
"ANGOLA (OLS) and GUINEA (NLS-1)",0.0281830504608119
"BENIN (NLS-1) and GUINEA (NLS-1)",0.157048696414133
"BOTSWANA (NLS-1) and GUINEA (NLS-1)",0.259584479300031
"BURKINAFASO (NLS-1) and GUINEA (NLS-1)",0.218335363410457
"BURUNDI (NLS-1) and GUINEA (NLS-1)",0.0195421497772375
"CABOVERDE (OLS) and GUINEA (NLS-1)",0.0423121620855802
"CAMEROON (NLS-1) and GUINEA (NLS-1)",0.0913202403175392
"CAR (NLS-2) and GUINEA (NLS-1)",0.0140420194493428
"CHAD (NLS-1) and GUINEA (NLS-1)",0.0735650898618117
"COMOROS (NLS-1) and GUINEA (NLS-1)",-0.0783480696540171
"CONGODR (NLS-2) and GUINEA (NLS-1)",0.109290192279301
"CONGOREPUB (NLS-1) and GUINEA (NLS-1)",-0.1582655484738
"DJIBOUTI (NLS-1) and GUINEA (NLS-1)",0.0164622132108961
"EGYPT (NLS-1) and GUINEA (NLS-1)",0.0627381854696731
"EQGUINEA (NLS-2) and GUINEA (NLS-1)",-0.0370743766446298
"ERITREA (OLS) and GUINEA (NLS-1)",-0.1711249523357
"ETHIOPIA (NLS-2) and GUINEA (NLS-1)",0.0663798948086372
"GABON (NLS-1) and GUINEA (NLS-1)",0.0154649004487543
"GAMBIA (NLS-1) and GUINEA (NLS-1)",-0.0214584491713009
"GHANA (OLS) and GUINEA (NLS-1)",0.227712539246177
"ALGERIA (NLS-1) and GUINEABISSAU (NLS-1)",-0.201562226932727
"ANGOLA (OLS) and GUINEABISSAU (NLS-1)",-0.201130989552725
"BENIN (NLS-1) and GUINEABISSAU (NLS-1)",-0.0447764047107525
"BOTSWANA (NLS-1) and GUINEABISSAU (NLS-1)",-0.122786481555885
"BURKINAFASO (NLS-1) and GUINEABISSAU (NLS-1)",-0.00744590255023026
"BURUNDI (NLS-1) and GUINEABISSAU (NLS-1)",-0.16588810520771
"CABOVERDE (OLS) and GUINEABISSAU (NLS-1)",-0.0176711128655337
"CAMEROON (NLS-1) and GUINEABISSAU (NLS-1)",-0.0701996348899614
"CAR (NLS-2) and GUINEABISSAU (NLS-1)",-0.0716278483262865
"CHAD (NLS-1) and GUINEABISSAU (NLS-1)",-0.218031394551575
"COMOROS (NLS-1) and GUINEABISSAU (NLS-1)",0.166053886987418
"CONGODR (NLS-2) and GUINEABISSAU (NLS-1)",-0.0774738941732988
"CONGOREPUB (NLS-1) and GUINEABISSAU (NLS-1)",0.11458902327559
"DJIBOUTI (NLS-1) and GUINEABISSAU (NLS-1)",0.0356776319940609
"EGYPT (NLS-1) and GUINEABISSAU (NLS-1)",-0.0407214745013909
"EQGUINEA (NLS-2) and GUINEABISSAU (NLS-1)",0.0642559266381361
"ERITREA (OLS) and GUINEABISSAU (NLS-1)",0.231642102206066
"ETHIOPIA (NLS-2) and GUINEABISSAU (NLS-1)",0.140781572694111
"GABON (NLS-1) and GUINEABISSAU (NLS-1)",0.0704136164612319
"GAMBIA (NLS-1) and GUINEABISSAU (NLS-1)",-0.116714943569898
"GHANA (OLS) and GUINEABISSAU (NLS-1)",-0.0510376284730144
"GUINEA (NLS-1) and GUINEABISSAU (NLS-1)",0.0676824672345825
"ALGERIA (NLS-1) and IVORYCOAST (NLS-1)",0.174486468583589
"ANGOLA (OLS) and IVORYCOAST (NLS-1)",0.051977259354581
"BENIN (NLS-1) and IVORYCOAST (NLS-1)",-0.0931707525464372
"BOTSWANA (NLS-1) and IVORYCOAST (NLS-1)",-0.0886323030071923
"BURKINAFASO (NLS-1) and IVORYCOAST (NLS-1)",0.229586712909169
"BURUNDI (NLS-1) and IVORYCOAST (NLS-1)",0.0467373053301388
"CABOVERDE (OLS) and IVORYCOAST (NLS-1)",-0.143089207449953
"CAMEROON (NLS-1) and IVORYCOAST (NLS-1)",0.0786926664332393
"CAR (NLS-2) and IVORYCOAST (NLS-1)",-0.0621676790949209
"CHAD (NLS-1) and IVORYCOAST (NLS-1)",-0.14340327406542
"COMOROS (NLS-1) and IVORYCOAST (NLS-1)",-0.123687969098819
"CONGODR (NLS-2) and IVORYCOAST (NLS-1)",-0.028287894156967
"CONGOREPUB (NLS-1) and IVORYCOAST (NLS-1)",0.144451400117759
"DJIBOUTI (NLS-1) and IVORYCOAST (NLS-1)",-0.00295760044039109
"EGYPT (NLS-1) and IVORYCOAST (NLS-1)",-0.155020891028383
"EQGUINEA (NLS-2) and IVORYCOAST (NLS-1)",-0.0126214273885117
"ERITREA (OLS) and IVORYCOAST (NLS-1)",0.133471240707559
"ETHIOPIA (NLS-2) and IVORYCOAST (NLS-1)",0.0557255272069246
"GABON (NLS-1) and IVORYCOAST (NLS-1)",0.152314433000802
"GAMBIA (NLS-1) and IVORYCOAST (NLS-1)",0.0687059051033658
"GHANA (OLS) and IVORYCOAST (NLS-1)",-0.0281326525010633
"GUINEA (NLS-1) and IVORYCOAST (NLS-1)",0.0768393563156322
"GUINEABISSAU (NLS-1) and IVORYCOAST (NLS-1)",0.0702790742273585
"ALGERIA (NLS-1) and KENYA (NLS-1)",-0.133869938797171
"ANGOLA (OLS) and KENYA (NLS-1)",0.293400879854911
"BENIN (NLS-1) and KENYA (NLS-1)",0.064126059402887
"BOTSWANA (NLS-1) and KENYA (NLS-1)",0.262710859683893
"BURKINAFASO (NLS-1) and KENYA (NLS-1)",-0.0198690176922933
"BURUNDI (NLS-1) and KENYA (NLS-1)",-0.340972879832376
"CABOVERDE (OLS) and KENYA (NLS-1)",-0.0492808168427671
"CAMEROON (NLS-1) and KENYA (NLS-1)",0.293100803703969
"CAR (NLS-2) and KENYA (NLS-1)",-0.0611517646163071
"CHAD (NLS-1) and KENYA (NLS-1)",-0.10002929313166
"COMOROS (NLS-1) and KENYA (NLS-1)",-0.0321529198284956
"CONGODR (NLS-2) and KENYA (NLS-1)",0.422833179478426
"CONGOREPUB (NLS-1) and KENYA (NLS-1)",-0.0199931171850178
"DJIBOUTI (NLS-1) and KENYA (NLS-1)",-0.0241123756767586
"EGYPT (NLS-1) and KENYA (NLS-1)",-0.130510555650194
"EQGUINEA (NLS-2) and KENYA (NLS-1)",0.15953159397795
"ERITREA (OLS) and KENYA (NLS-1)",-0.101331121467724
"ETHIOPIA (NLS-2) and KENYA (NLS-1)",0.0926550061779612
"GABON (NLS-1) and KENYA (NLS-1)",0.0123668928259108
"GAMBIA (NLS-1) and KENYA (NLS-1)",-0.365639461237986
"GHANA (OLS) and KENYA (NLS-1)",-0.143896693613477
"GUINEA (NLS-1) and KENYA (NLS-1)",-0.0262277331834069
"GUINEABISSAU (NLS-1) and KENYA (NLS-1)",-0.16843147066323
"IVORYCOAST (NLS-1) and KENYA (NLS-1)",-0.0198531482485436
"ALGERIA (NLS-1) and LESOTHO (NLS-1)",0.0303446739565501
"ANGOLA (OLS) and LESOTHO (NLS-1)",0.00460686315734285
"BENIN (NLS-1) and LESOTHO (NLS-1)",0.2834489534202
"BOTSWANA (NLS-1) and LESOTHO (NLS-1)",0.0145655359058741
"BURKINAFASO (NLS-1) and LESOTHO (NLS-1)",0.178061527688987
"BURUNDI (NLS-1) and LESOTHO (NLS-1)",0.177012630801144
"CABOVERDE (OLS) and LESOTHO (NLS-1)",0.234896058994487
"CAMEROON (NLS-1) and LESOTHO (NLS-1)",-0.0191086474266351
"CAR (NLS-2) and LESOTHO (NLS-1)",0.0144355064056105
"CHAD (NLS-1) and LESOTHO (NLS-1)",-0.057827556793081
"COMOROS (NLS-1) and LESOTHO (NLS-1)",0.0620650266819525
"CONGODR (NLS-2) and LESOTHO (NLS-1)",0.114871577905821
"CONGOREPUB (NLS-1) and LESOTHO (NLS-1)",-0.00225079778372714
"DJIBOUTI (NLS-1) and LESOTHO (NLS-1)",0.0379879673895584
"EGYPT (NLS-1) and LESOTHO (NLS-1)",-0.0575760260604993
"EQGUINEA (NLS-2) and LESOTHO (NLS-1)",0.0622252859710122
"ERITREA (OLS) and LESOTHO (NLS-1)",0.141985449867797
"ETHIOPIA (NLS-2) and LESOTHO (NLS-1)",-0.131991380795143
"GABON (NLS-1) and LESOTHO (NLS-1)",-0.0477706554886138
"GAMBIA (NLS-1) and LESOTHO (NLS-1)",-0.0717307100401556
"GHANA (OLS) and LESOTHO (NLS-1)",0.465128463814775
"GUINEA (NLS-1) and LESOTHO (NLS-1)",0.119580077437841
"GUINEABISSAU (NLS-1) and LESOTHO (NLS-1)",-0.0817676501571556
"IVORYCOAST (NLS-1) and LESOTHO (NLS-1)",0.120800694563096
"KENYA (NLS-1) and LESOTHO (NLS-1)",-0.128503968359733
"ALGERIA (NLS-1) and LIBERIA (NLS-2)",-0.236787775234583
"ANGOLA (OLS) and LIBERIA (NLS-2)",0.0189009948481837
"BENIN (NLS-1) and LIBERIA (NLS-2)",0.0226905063083029
"BOTSWANA (NLS-1) and LIBERIA (NLS-2)",0.11745964014394
"BURKINAFASO (NLS-1) and LIBERIA (NLS-2)",0.116432113609289
"BURUNDI (NLS-1) and LIBERIA (NLS-2)",-0.0847410507306136
"CABOVERDE (OLS) and LIBERIA (NLS-2)",0.167660475988358
"CAMEROON (NLS-1) and LIBERIA (NLS-2)",0.234255631269283
"CAR (NLS-2) and LIBERIA (NLS-2)",0.0598229408951139
"CHAD (NLS-1) and LIBERIA (NLS-2)",0.138704207566227
"COMOROS (NLS-1) and LIBERIA (NLS-2)",-0.1173697073235
"CONGODR (NLS-2) and LIBERIA (NLS-2)",0.187475460762254
"CONGOREPUB (NLS-1) and LIBERIA (NLS-2)",-0.000620381166119539
"DJIBOUTI (NLS-1) and LIBERIA (NLS-2)",-0.0844894684187362
"EGYPT (NLS-1) and LIBERIA (NLS-2)",-0.108464408376141
"EQGUINEA (NLS-2) and LIBERIA (NLS-2)",0.348877383573549
"ERITREA (OLS) and LIBERIA (NLS-2)",0.0113183841864341
"ETHIOPIA (NLS-2) and LIBERIA (NLS-2)",0.0436524150737761
"GABON (NLS-1) and LIBERIA (NLS-2)",0.109283620336703
"GAMBIA (NLS-1) and LIBERIA (NLS-2)",-0.163201560053367
"GHANA (OLS) and LIBERIA (NLS-2)",0.157561673696831
"GUINEA (NLS-1) and LIBERIA (NLS-2)",0.0502678054526468
"GUINEABISSAU (NLS-1) and LIBERIA (NLS-2)",-0.0703797227138681
"IVORYCOAST (NLS-1) and LIBERIA (NLS-2)",0.0498771870620953
"KENYA (NLS-1) and LIBERIA (NLS-2)",-0.0359068058133374
"LESOTHO (NLS-1) and LIBERIA (NLS-2)",0.128074751075062
"ALGERIA (NLS-1) and LIBYA (NLS-2)",0.115237125963469
"ANGOLA (OLS) and LIBYA (NLS-2)",0.137834617758827
"BENIN (NLS-1) and LIBYA (NLS-2)",-0.0860736573340102
"BOTSWANA (NLS-1) and LIBYA (NLS-2)",0.153468611335974
"BURKINAFASO (NLS-1) and LIBYA (NLS-2)",0.0901250766891094
"BURUNDI (NLS-1) and LIBYA (NLS-2)",-0.209839727798221
"CABOVERDE (OLS) and LIBYA (NLS-2)",-0.133173216437941
"CAMEROON (NLS-1) and LIBYA (NLS-2)",0.00692319948926952
"CAR (NLS-2) and LIBYA (NLS-2)",-0.0356812983526
"CHAD (NLS-1) and LIBYA (NLS-2)",0.091122236262142
"COMOROS (NLS-1) and LIBYA (NLS-2)",-0.107062047267661
"CONGODR (NLS-2) and LIBYA (NLS-2)",0.0676516293881659
"CONGOREPUB (NLS-1) and LIBYA (NLS-2)",0.0439343354005395
"DJIBOUTI (NLS-1) and LIBYA (NLS-2)",0.0230160944298338
"EGYPT (NLS-1) and LIBYA (NLS-2)",0.232716752908382
"EQGUINEA (NLS-2) and LIBYA (NLS-2)",0.0704139110381991
"ERITREA (OLS) and LIBYA (NLS-2)",-0.262440073767224
"ETHIOPIA (NLS-2) and LIBYA (NLS-2)",-0.163379067468167
"GABON (NLS-1) and LIBYA (NLS-2)",0.100967604403311
"GAMBIA (NLS-1) and LIBYA (NLS-2)",0.203911577094541
"GHANA (OLS) and LIBYA (NLS-2)",-0.179436348017222
"GUINEA (NLS-1) and LIBYA (NLS-2)",-0.0347806751652386
"GUINEABISSAU (NLS-1) and LIBYA (NLS-2)",-0.250291621429305
"IVORYCOAST (NLS-1) and LIBYA (NLS-2)",0.069632438233207
"KENYA (NLS-1) and LIBYA (NLS-2)",0.185975013180336
"LESOTHO (NLS-1) and LIBYA (NLS-2)",0.123177242826328
"LIBERIA (NLS-2) and LIBYA (NLS-2)",-0.078966403366257
"ALGERIA (NLS-1) and MADAGASCAR (NLS-1)",0.0364830500256555
"ANGOLA (OLS) and MADAGASCAR (NLS-1)",0.289701649352329
"BENIN (NLS-1) and MADAGASCAR (NLS-1)",-0.10321851842317
"BOTSWANA (NLS-1) and MADAGASCAR (NLS-1)",-0.00341617114257319
"BURKINAFASO (NLS-1) and MADAGASCAR (NLS-1)",0.0313278493297324
"BURUNDI (NLS-1) and MADAGASCAR (NLS-1)",-0.0419391296446511
"CABOVERDE (OLS) and MADAGASCAR (NLS-1)",-0.108148846431655
"CAMEROON (NLS-1) and MADAGASCAR (NLS-1)",-0.129406429535793
"CAR (NLS-2) and MADAGASCAR (NLS-1)",-0.0120379736279276
"CHAD (NLS-1) and MADAGASCAR (NLS-1)",-0.0356310653824775
"COMOROS (NLS-1) and MADAGASCAR (NLS-1)",0.0830875172219995
"CONGODR (NLS-2) and MADAGASCAR (NLS-1)",0.0200398261535234
"CONGOREPUB (NLS-1) and MADAGASCAR (NLS-1)",0.0845499779160914
"DJIBOUTI (NLS-1) and MADAGASCAR (NLS-1)",0.114914286960181
"EGYPT (NLS-1) and MADAGASCAR (NLS-1)",0.299577389882892
"EQGUINEA (NLS-2) and MADAGASCAR (NLS-1)",0.130214950952985
"ERITREA (OLS) and MADAGASCAR (NLS-1)",-0.101749454783003
"ETHIOPIA (NLS-2) and MADAGASCAR (NLS-1)",0.28851112546364
"GABON (NLS-1) and MADAGASCAR (NLS-1)",-0.0426439168741735
"GAMBIA (NLS-1) and MADAGASCAR (NLS-1)",0.182571146838622
"GHANA (OLS) and MADAGASCAR (NLS-1)",0.095661023807698
"GUINEA (NLS-1) and MADAGASCAR (NLS-1)",0.0343748253322214
"GUINEABISSAU (NLS-1) and MADAGASCAR (NLS-1)",-0.193066272861899
"IVORYCOAST (NLS-1) and MADAGASCAR (NLS-1)",0.0371830700598902
"KENYA (NLS-1) and MADAGASCAR (NLS-1)",0.0755112870665634
"LESOTHO (NLS-1) and MADAGASCAR (NLS-1)",0.0735771266671563
"LIBERIA (NLS-2) and MADAGASCAR (NLS-1)",-0.0943144193092504
"LIBYA (NLS-2) and MADAGASCAR (NLS-1)",0.0516009712103511
"ALGERIA (NLS-1) and MALAWI (NLS-1)",0.0156987837909437
"ANGOLA (OLS) and MALAWI (NLS-1)",-0.00579005728750693
"BENIN (NLS-1) and MALAWI (NLS-1)",0.0446678111842084
"BOTSWANA (NLS-1) and MALAWI (NLS-1)",0.0549356591521038
"BURKINAFASO (NLS-1) and MALAWI (NLS-1)",0.145678832585206
"BURUNDI (NLS-1) and MALAWI (NLS-1)",-0.218460664213411
"CABOVERDE (OLS) and MALAWI (NLS-1)",-0.122240441836055
"CAMEROON (NLS-1) and MALAWI (NLS-1)",0.118517661774704
"CAR (NLS-2) and MALAWI (NLS-1)",-0.0348965815640499
"CHAD (NLS-1) and MALAWI (NLS-1)",-0.143642672316439
"COMOROS (NLS-1) and MALAWI (NLS-1)",0.117627950837149
"CONGODR (NLS-2) and MALAWI (NLS-1)",0.0897178937573378
"CONGOREPUB (NLS-1) and MALAWI (NLS-1)",0.0462376433629545
"DJIBOUTI (NLS-1) and MALAWI (NLS-1)",-0.224615289136973
"EGYPT (NLS-1) and MALAWI (NLS-1)",-0.116970113440488
"EQGUINEA (NLS-2) and MALAWI (NLS-1)",-0.0571902552162569
"ERITREA (OLS) and MALAWI (NLS-1)",-0.216790424185954
"ETHIOPIA (NLS-2) and MALAWI (NLS-1)",0.0176395607528978
"GABON (NLS-1) and MALAWI (NLS-1)",-0.00350922318710557
"GAMBIA (NLS-1) and MALAWI (NLS-1)",-0.141547168909019
"GHANA (OLS) and MALAWI (NLS-1)",-0.146767783007606
"GUINEA (NLS-1) and MALAWI (NLS-1)",-0.0934160594436658
"GUINEABISSAU (NLS-1) and MALAWI (NLS-1)",-0.127785437965595
"IVORYCOAST (NLS-1) and MALAWI (NLS-1)",-0.109101507333375
"KENYA (NLS-1) and MALAWI (NLS-1)",0.264918071016748
"LESOTHO (NLS-1) and MALAWI (NLS-1)",-0.144683894549895
"LIBERIA (NLS-2) and MALAWI (NLS-1)",0.0862685015739291
"LIBYA (NLS-2) and MALAWI (NLS-1)",-0.0950182445535751
"MADAGASCAR (NLS-1) and MALAWI (NLS-1)",-0.149140078431476
"ALGERIA (NLS-1) and MALI (NLS-1)",0.22788104100213
"ANGOLA (OLS) and MALI (NLS-1)",0.00535093666927698
"BENIN (NLS-1) and MALI (NLS-1)",-0.142803962851839
"BOTSWANA (NLS-1) and MALI (NLS-1)",0.163300597585158
"BURKINAFASO (NLS-1) and MALI (NLS-1)",0.159299252704291
"BURUNDI (NLS-1) and MALI (NLS-1)",0.185606274089203
"CABOVERDE (OLS) and MALI (NLS-1)",0.077694567499009
"CAMEROON (NLS-1) and MALI (NLS-1)",0.145506107753165
"CAR (NLS-2) and MALI (NLS-1)",0.0858807506837251
"CHAD (NLS-1) and MALI (NLS-1)",-0.0256687799958136
"COMOROS (NLS-1) and MALI (NLS-1)",-0.158023924343291
"CONGODR (NLS-2) and MALI (NLS-1)",-0.134401902990684
"CONGOREPUB (NLS-1) and MALI (NLS-1)",-0.571972513808735
"DJIBOUTI (NLS-1) and MALI (NLS-1)",0.0527252254578513
"EGYPT (NLS-1) and MALI (NLS-1)",0.044867799915691
"EQGUINEA (NLS-2) and MALI (NLS-1)",0.0206248481802436
"ERITREA (OLS) and MALI (NLS-1)",0.03876112755658
"ETHIOPIA (NLS-2) and MALI (NLS-1)",-0.140938258000967
"GABON (NLS-1) and MALI (NLS-1)",0.0354990965195872
"GAMBIA (NLS-1) and MALI (NLS-1)",0.0727594061823633
"GHANA (OLS) and MALI (NLS-1)",-0.255839023266006
"GUINEA (NLS-1) and MALI (NLS-1)",0.0199904192214303
"GUINEABISSAU (NLS-1) and MALI (NLS-1)",-0.170814556232667
"IVORYCOAST (NLS-1) and MALI (NLS-1)",0.103657757129098
"KENYA (NLS-1) and MALI (NLS-1)",-0.0892400142777023
"LESOTHO (NLS-1) and MALI (NLS-1)",-0.229473570513815
"LIBERIA (NLS-2) and MALI (NLS-1)",-0.0125546576918292
"LIBYA (NLS-2) and MALI (NLS-1)",-0.0871230363832534
"MADAGASCAR (NLS-1) and MALI (NLS-1)",0.0389110446168931
"MALAWI (NLS-1) and MALI (NLS-1)",-0.0787068547010858
"ALGERIA (NLS-1) and MAURITANIA (OLS)",0.154332752806767
"ANGOLA (OLS) and MAURITANIA (OLS)",0.083219157163865
"BENIN (NLS-1) and MAURITANIA (OLS)",0.0909436420559271
"BOTSWANA (NLS-1) and MAURITANIA (OLS)",0.0370722824486774
"BURKINAFASO (NLS-1) and MAURITANIA (OLS)",0.309393217524298
"BURUNDI (NLS-1) and MAURITANIA (OLS)",-0.0269125097932746
"CABOVERDE (OLS) and MAURITANIA (OLS)",0.267864167667277
"CAMEROON (NLS-1) and MAURITANIA (OLS)",-0.140367240810382
"CAR (NLS-2) and MAURITANIA (OLS)",-0.175712295217856
"CHAD (NLS-1) and MAURITANIA (OLS)",-0.103014752269568
"COMOROS (NLS-1) and MAURITANIA (OLS)",-0.058334611527318
"CONGODR (NLS-2) and MAURITANIA (OLS)",-0.026748527025682
"CONGOREPUB (NLS-1) and MAURITANIA (OLS)",-0.192492907417462
"DJIBOUTI (NLS-1) and MAURITANIA (OLS)",-0.0606149190991782
"EGYPT (NLS-1) and MAURITANIA (OLS)",0.162626202455989
"EQGUINEA (NLS-2) and MAURITANIA (OLS)",-0.240903642317264
"ERITREA (OLS) and MAURITANIA (OLS)",-0.131389445152529
"ETHIOPIA (NLS-2) and MAURITANIA (OLS)",0.335857714455377
"GABON (NLS-1) and MAURITANIA (OLS)",0.116579960942021
"GAMBIA (NLS-1) and MAURITANIA (OLS)",0.0194090560212757
"GHANA (OLS) and MAURITANIA (OLS)",0.108065143224111
"GUINEA (NLS-1) and MAURITANIA (OLS)",0.0443342317436765
"GUINEABISSAU (NLS-1) and MAURITANIA (OLS)",-0.0492448594805506
"IVORYCOAST (NLS-1) and MAURITANIA (OLS)",0.0289746759419641
"KENYA (NLS-1) and MAURITANIA (OLS)",-0.0756159213345472
"LESOTHO (NLS-1) and MAURITANIA (OLS)",0.0886756400296694
"LIBERIA (NLS-2) and MAURITANIA (OLS)",-0.000703491718049659
"LIBYA (NLS-2) and MAURITANIA (OLS)",-0.0409503734876401
"MADAGASCAR (NLS-1) and MAURITANIA (OLS)",0.0921626442316023
"MALAWI (NLS-1) and MAURITANIA (OLS)",-0.0461865903386688
"MALI (NLS-1) and MAURITANIA (OLS)",0.0847638260675139
"ALGERIA (NLS-1) and MAURITIUS (OLS)",0.147258923698467
"ANGOLA (OLS) and MAURITIUS (OLS)",-0.0391756467952123
"BENIN (NLS-1) and MAURITIUS (OLS)",0.0113686744408015
"BOTSWANA (NLS-1) and MAURITIUS (OLS)",-0.00508661236820484
"BURKINAFASO (NLS-1) and MAURITIUS (OLS)",0.102918380378071
"BURUNDI (NLS-1) and MAURITIUS (OLS)",0.0330261716738854
"CABOVERDE (OLS) and MAURITIUS (OLS)",0.0558132343055147
"CAMEROON (NLS-1) and MAURITIUS (OLS)",0.187974788799549
"CAR (NLS-2) and MAURITIUS (OLS)",0.074750439380053
"CHAD (NLS-1) and MAURITIUS (OLS)",-0.0329959012888491
"COMOROS (NLS-1) and MAURITIUS (OLS)",-0.0683082034853476
"CONGODR (NLS-2) and MAURITIUS (OLS)",-0.113790014386881
"CONGOREPUB (NLS-1) and MAURITIUS (OLS)",0.00727487386429571
"DJIBOUTI (NLS-1) and MAURITIUS (OLS)",0.0433886264194262
"EGYPT (NLS-1) and MAURITIUS (OLS)",-0.319057416799228
"EQGUINEA (NLS-2) and MAURITIUS (OLS)",-0.13966346963704
"ERITREA (OLS) and MAURITIUS (OLS)",0.17837304677903
"ETHIOPIA (NLS-2) and MAURITIUS (OLS)",-0.0164744506396302
"GABON (NLS-1) and MAURITIUS (OLS)",-0.0334798521467422
"GAMBIA (NLS-1) and MAURITIUS (OLS)",0.0367838094795559
"GHANA (OLS) and MAURITIUS (OLS)",-0.0896918177412407
"GUINEA (NLS-1) and MAURITIUS (OLS)",-0.0767046833372504
"GUINEABISSAU (NLS-1) and MAURITIUS (OLS)",0.258201612927902
"IVORYCOAST (NLS-1) and MAURITIUS (OLS)",0.222037311093968
"KENYA (NLS-1) and MAURITIUS (OLS)",0.0354274874254452
"LESOTHO (NLS-1) and MAURITIUS (OLS)",-0.0130360181579003
"LIBERIA (NLS-2) and MAURITIUS (OLS)",-0.0365877341274144
"LIBYA (NLS-2) and MAURITIUS (OLS)",-0.042754830075716
"MADAGASCAR (NLS-1) and MAURITIUS (OLS)",-0.374747552493903
"MALAWI (NLS-1) and MAURITIUS (OLS)",0.0489252268872788
"MALI (NLS-1) and MAURITIUS (OLS)",0.0754033665145628
"MAURITANIA (OLS) and MAURITIUS (OLS)",-0.103140476944995
"ALGERIA (NLS-1) and MOROCCO (NLS-1)",0.22280506722909
"ANGOLA (OLS) and MOROCCO (NLS-1)",0.393802317072167
"BENIN (NLS-1) and MOROCCO (NLS-1)",-0.112372774784517
"BOTSWANA (NLS-1) and MOROCCO (NLS-1)",0.194256895518524
"BURKINAFASO (NLS-1) and MOROCCO (NLS-1)",0.302354660604473
"BURUNDI (NLS-1) and MOROCCO (NLS-1)",-0.0656254385394951
"CABOVERDE (OLS) and MOROCCO (NLS-1)",0.0408020233609263
"CAMEROON (NLS-1) and MOROCCO (NLS-1)",0.259878872165887
"CAR (NLS-2) and MOROCCO (NLS-1)",0.063672499837547
"CHAD (NLS-1) and MOROCCO (NLS-1)",0.289042782401091
"COMOROS (NLS-1) and MOROCCO (NLS-1)",-0.301069376019922
"CONGODR (NLS-2) and MOROCCO (NLS-1)",0.0132970140613754
"CONGOREPUB (NLS-1) and MOROCCO (NLS-1)",-0.232126047434895
"DJIBOUTI (NLS-1) and MOROCCO (NLS-1)",0.237045301400551
"EGYPT (NLS-1) and MOROCCO (NLS-1)",0.200921903352931
"EQGUINEA (NLS-2) and MOROCCO (NLS-1)",-0.0772427588302957
"ERITREA (OLS) and MOROCCO (NLS-1)",0.0247498181636198
"ETHIOPIA (NLS-2) and MOROCCO (NLS-1)",-0.0843974318770281
"GABON (NLS-1) and MOROCCO (NLS-1)",0.232507911047539
"GAMBIA (NLS-1) and MOROCCO (NLS-1)",0.109258061080207
"GHANA (OLS) and MOROCCO (NLS-1)",0.075142639410312
"GUINEA (NLS-1) and MOROCCO (NLS-1)",0.112616213956348
"GUINEABISSAU (NLS-1) and MOROCCO (NLS-1)",-0.239211725223959
"IVORYCOAST (NLS-1) and MOROCCO (NLS-1)",0.105790396415718
"KENYA (NLS-1) and MOROCCO (NLS-1)",-0.0694700911703572
"LESOTHO (NLS-1) and MOROCCO (NLS-1)",-0.112717027909687
"LIBERIA (NLS-2) and MOROCCO (NLS-1)",0.10585736625975
"LIBYA (NLS-2) and MOROCCO (NLS-1)",0.0424196856589686
"MADAGASCAR (NLS-1) and MOROCCO (NLS-1)",-0.0740817969850502
"MALAWI (NLS-1) and MOROCCO (NLS-1)",-0.134166437547718
"MALI (NLS-1) and MOROCCO (NLS-1)",0.360491791106163
"MAURITANIA (OLS) and MOROCCO (NLS-1)",0.139221409290291
"MAURITIUS (OLS) and MOROCCO (NLS-1)",0.0816990274028013
"ALGERIA (NLS-1) and MOZAMBIQUE (NLS-1)",-0.163173744787146
"ANGOLA (OLS) and MOZAMBIQUE (NLS-1)",-0.0195930577604306
"BENIN (NLS-1) and MOZAMBIQUE (NLS-1)",-0.0890563339819175
"BOTSWANA (NLS-1) and MOZAMBIQUE (NLS-1)",0.0527294525028889
"BURKINAFASO (NLS-1) and MOZAMBIQUE (NLS-1)",0.322141942821919
"BURUNDI (NLS-1) and MOZAMBIQUE (NLS-1)",-0.174874700227492
"CABOVERDE (OLS) and MOZAMBIQUE (NLS-1)",0.0770150246398834
"CAMEROON (NLS-1) and MOZAMBIQUE (NLS-1)",-0.17400195586611
"CAR (NLS-2) and MOZAMBIQUE (NLS-1)",-0.0494396646802981
"CHAD (NLS-1) and MOZAMBIQUE (NLS-1)",-0.0440545195334752
"COMOROS (NLS-1) and MOZAMBIQUE (NLS-1)",-0.292867218201171
"CONGODR (NLS-2) and MOZAMBIQUE (NLS-1)",0.171167800007829
"CONGOREPUB (NLS-1) and MOZAMBIQUE (NLS-1)",-0.125449564452817
"DJIBOUTI (NLS-1) and MOZAMBIQUE (NLS-1)",0.00994987040147889
"EGYPT (NLS-1) and MOZAMBIQUE (NLS-1)",-0.197038548160225
"EQGUINEA (NLS-2) and MOZAMBIQUE (NLS-1)",0.253786038767335
"ERITREA (OLS) and MOZAMBIQUE (NLS-1)",-0.0488995401107719
"ETHIOPIA (NLS-2) and MOZAMBIQUE (NLS-1)",0.158833363027633
"GABON (NLS-1) and MOZAMBIQUE (NLS-1)",-0.0193637441399745
"GAMBIA (NLS-1) and MOZAMBIQUE (NLS-1)",-0.161499753051568
"GHANA (OLS) and MOZAMBIQUE (NLS-1)",0.242427541616617
"GUINEA (NLS-1) and MOZAMBIQUE (NLS-1)",0.134571573269928
"GUINEABISSAU (NLS-1) and MOZAMBIQUE (NLS-1)",-0.0178956927485641
"IVORYCOAST (NLS-1) and MOZAMBIQUE (NLS-1)",0.190192552399204
"KENYA (NLS-1) and MOZAMBIQUE (NLS-1)",0.0844004518028409
"LESOTHO (NLS-1) and MOZAMBIQUE (NLS-1)",0.236231663386677
"LIBERIA (NLS-2) and MOZAMBIQUE (NLS-1)",0.174098078802401
"LIBYA (NLS-2) and MOZAMBIQUE (NLS-1)",0.0725560930830929
"MADAGASCAR (NLS-1) and MOZAMBIQUE (NLS-1)",0.0694854509757967
"MALAWI (NLS-1) and MOZAMBIQUE (NLS-1)",-0.120361795497402
"MALI (NLS-1) and MOZAMBIQUE (NLS-1)",0.195578242894081
"MAURITANIA (OLS) and MOZAMBIQUE (NLS-1)",0.3167115061495
"MAURITIUS (OLS) and MOZAMBIQUE (NLS-1)",0.121068926431898
"MOROCCO (NLS-1) and MOZAMBIQUE (NLS-1)",0.0682760790941348
"ALGERIA (NLS-1) and NAMIBIA (NLS-1)",0.178003265089008
"ANGOLA (OLS) and NAMIBIA (NLS-1)",0.234621995408105
"BENIN (NLS-1) and NAMIBIA (NLS-1)",0.0539382677835915
"BOTSWANA (NLS-1) and NAMIBIA (NLS-1)",0.174775524225248
"BURKINAFASO (NLS-1) and NAMIBIA (NLS-1)",0.0874557684439911
"BURUNDI (NLS-1) and NAMIBIA (NLS-1)",0.147381436741113
"CABOVERDE (OLS) and NAMIBIA (NLS-1)",0.0587001635707372
"CAMEROON (NLS-1) and NAMIBIA (NLS-1)",0.226596089236876
"CAR (NLS-2) and NAMIBIA (NLS-1)",0.0313348089438411
"CHAD (NLS-1) and NAMIBIA (NLS-1)",0.0524363561136445
"COMOROS (NLS-1) and NAMIBIA (NLS-1)",-0.041170119406409
"CONGODR (NLS-2) and NAMIBIA (NLS-1)",0.10657006557313
"CONGOREPUB (NLS-1) and NAMIBIA (NLS-1)",-0.000525019152918266
"DJIBOUTI (NLS-1) and NAMIBIA (NLS-1)",-0.039646882291038
"EGYPT (NLS-1) and NAMIBIA (NLS-1)",0.0783502923826259
"EQGUINEA (NLS-2) and NAMIBIA (NLS-1)",0.0692982737362659
"ERITREA (OLS) and NAMIBIA (NLS-1)",-0.110806528062111
"ETHIOPIA (NLS-2) and NAMIBIA (NLS-1)",-0.0704558247210614
"GABON (NLS-1) and NAMIBIA (NLS-1)",-0.110190600289272
"GAMBIA (NLS-1) and NAMIBIA (NLS-1)",-0.0489871413128025
"GHANA (OLS) and NAMIBIA (NLS-1)",0.106345280047281
"GUINEA (NLS-1) and NAMIBIA (NLS-1)",0.00212690584827916
"GUINEABISSAU (NLS-1) and NAMIBIA (NLS-1)",-0.395623734252322
"IVORYCOAST (NLS-1) and NAMIBIA (NLS-1)",0.0746405353549846
"KENYA (NLS-1) and NAMIBIA (NLS-1)",0.0548089646762599
"LESOTHO (NLS-1) and NAMIBIA (NLS-1)",0.174865730131653
"LIBERIA (NLS-2) and NAMIBIA (NLS-1)",0.148088725676497
"LIBYA (NLS-2) and NAMIBIA (NLS-1)",0.0673960536573175
"MADAGASCAR (NLS-1) and NAMIBIA (NLS-1)",-0.00992668435773934
"MALAWI (NLS-1) and NAMIBIA (NLS-1)",0.132351241550307
"MALI (NLS-1) and NAMIBIA (NLS-1)",0.15170336445736
"MAURITANIA (OLS) and NAMIBIA (NLS-1)",0.0637806449403195
"MAURITIUS (OLS) and NAMIBIA (NLS-1)",0.0136755721931415
"MOROCCO (NLS-1) and NAMIBIA (NLS-1)",0.158007311942924
"MOZAMBIQUE (NLS-1) and NAMIBIA (NLS-1)",0.0376124686659364
"ALGERIA (NLS-1) and NIGER (NLS-1)",-0.117200698631347
"ANGOLA (OLS) and NIGER (NLS-1)",0.124876724336029
"BENIN (NLS-1) and NIGER (NLS-1)",-0.0252346435531382
"BOTSWANA (NLS-1) and NIGER (NLS-1)",0.112422474870596
"BURKINAFASO (NLS-1) and NIGER (NLS-1)",0.37297666900616
"BURUNDI (NLS-1) and NIGER (NLS-1)",0.139527575221322
"CABOVERDE (OLS) and NIGER (NLS-1)",0.0353277888839938
"CAMEROON (NLS-1) and NIGER (NLS-1)",0.187122602808874
"CAR (NLS-2) and NIGER (NLS-1)",-0.0942221801864397
"CHAD (NLS-1) and NIGER (NLS-1)",-0.0391822740946949
"COMOROS (NLS-1) and NIGER (NLS-1)",0.0905420075302088
"CONGODR (NLS-2) and NIGER (NLS-1)",0.177380979797774
"CONGOREPUB (NLS-1) and NIGER (NLS-1)",-0.128591199619027
"DJIBOUTI (NLS-1) and NIGER (NLS-1)",-0.130521827474364
"EGYPT (NLS-1) and NIGER (NLS-1)",-0.0556639591192025
"EQGUINEA (NLS-2) and NIGER (NLS-1)",-0.168105159930419
"ERITREA (OLS) and NIGER (NLS-1)",-0.246338921730738
"ETHIOPIA (NLS-2) and NIGER (NLS-1)",-0.0279577955703107
"GABON (NLS-1) and NIGER (NLS-1)",0.0276910499701954
"GAMBIA (NLS-1) and NIGER (NLS-1)",-0.136133023693912
"GHANA (OLS) and NIGER (NLS-1)",0.150916083298909
"GUINEA (NLS-1) and NIGER (NLS-1)",0.106572031341197
"GUINEABISSAU (NLS-1) and NIGER (NLS-1)",-0.119863017599768
"IVORYCOAST (NLS-1) and NIGER (NLS-1)",0.0923218220282869
"KENYA (NLS-1) and NIGER (NLS-1)",0.200740877640805
"LESOTHO (NLS-1) and NIGER (NLS-1)",-0.0764768714085896
"LIBERIA (NLS-2) and NIGER (NLS-1)",0.0601980426638529
"LIBYA (NLS-2) and NIGER (NLS-1)",-0.0234982925806104
"MADAGASCAR (NLS-1) and NIGER (NLS-1)",0.12652145872542
"MALAWI (NLS-1) and NIGER (NLS-1)",-0.0410005942691782
"MALI (NLS-1) and NIGER (NLS-1)",0.28334404064747
"MAURITANIA (OLS) and NIGER (NLS-1)",0.242356426032931
"MAURITIUS (OLS) and NIGER (NLS-1)",-0.0894278039192193
"MOROCCO (NLS-1) and NIGER (NLS-1)",0.151841213132945
"MOZAMBIQUE (NLS-1) and NIGER (NLS-1)",0.0867848364530973
"NAMIBIA (NLS-1) and NIGER (NLS-1)",-0.0157436034153432
"ALGERIA (NLS-1) and NIGERIA (NLS-1)",0.293566054231809
"ANGOLA (OLS) and NIGERIA (NLS-1)",-0.0218874324689448
"BENIN (NLS-1) and NIGERIA (NLS-1)",0.0886154596690559
"BOTSWANA (NLS-1) and NIGERIA (NLS-1)",0.183043689074593
"BURKINAFASO (NLS-1) and NIGERIA (NLS-1)",0.0110209197353761
"BURUNDI (NLS-1) and NIGERIA (NLS-1)",-0.0388104458484636
"CABOVERDE (OLS) and NIGERIA (NLS-1)",-0.0984093455948202
"CAMEROON (NLS-1) and NIGERIA (NLS-1)",0.0294475740337969
"CAR (NLS-2) and NIGERIA (NLS-1)",0.093895321261085
"CHAD (NLS-1) and NIGERIA (NLS-1)",0.025829807572518
"COMOROS (NLS-1) and NIGERIA (NLS-1)",0.150827868723358
"CONGODR (NLS-2) and NIGERIA (NLS-1)",0.114279932142506
"CONGOREPUB (NLS-1) and NIGERIA (NLS-1)",-0.089203333709821
"DJIBOUTI (NLS-1) and NIGERIA (NLS-1)",-0.0074428058409953
"EGYPT (NLS-1) and NIGERIA (NLS-1)",0.369548063127398
"EQGUINEA (NLS-2) and NIGERIA (NLS-1)",-0.0628644789521758
"ERITREA (OLS) and NIGERIA (NLS-1)",0.013534480933165
"ETHIOPIA (NLS-2) and NIGERIA (NLS-1)",0.185491392904272
"GABON (NLS-1) and NIGERIA (NLS-1)",0.173907112491974
"GAMBIA (NLS-1) and NIGERIA (NLS-1)",0.127203256137161
"GHANA (OLS) and NIGERIA (NLS-1)",0.110489073418114
"GUINEA (NLS-1) and NIGERIA (NLS-1)",0.172007894292834
"GUINEABISSAU (NLS-1) and NIGERIA (NLS-1)",-0.201009926518592
"IVORYCOAST (NLS-1) and NIGERIA (NLS-1)",0.0575320500188374
"KENYA (NLS-1) and NIGERIA (NLS-1)",0.0164257245214355
"LESOTHO (NLS-1) and NIGERIA (NLS-1)",0.115673233433173
"LIBERIA (NLS-2) and NIGERIA (NLS-1)",-0.0771020659844465
"LIBYA (NLS-2) and NIGERIA (NLS-1)",0.18531415439534
"MADAGASCAR (NLS-1) and NIGERIA (NLS-1)",0.231138556954295
"MALAWI (NLS-1) and NIGERIA (NLS-1)",0.00570105398755183
"MALI (NLS-1) and NIGERIA (NLS-1)",-0.00616632124848863
"MAURITANIA (OLS) and NIGERIA (NLS-1)",0.120949579615421
"MAURITIUS (OLS) and NIGERIA (NLS-1)",-0.196003585163918
"MOROCCO (NLS-1) and NIGERIA (NLS-1)",0.0302354710344695
"MOZAMBIQUE (NLS-1) and NIGERIA (NLS-1)",-0.0246016729526199
"NAMIBIA (NLS-1) and NIGERIA (NLS-1)",0.370497657091614
"NIGER (NLS-1) and NIGERIA (NLS-1)",0.030479950719131
"ALGERIA (NLS-1) and RWANDA (NLS-1)",-0.0231989149340332
"ANGOLA (OLS) and RWANDA (NLS-1)",-0.413867287856684
"BENIN (NLS-1) and RWANDA (NLS-1)",0.0437004526644693
"BOTSWANA (NLS-1) and RWANDA (NLS-1)",-0.0259125445599545
"BURKINAFASO (NLS-1) and RWANDA (NLS-1)",-0.0931944948932201
"BURUNDI (NLS-1) and RWANDA (NLS-1)",-0.0328346490410335
"CABOVERDE (OLS) and RWANDA (NLS-1)",-0.184637601948224
"CAMEROON (NLS-1) and RWANDA (NLS-1)",-0.0231850783048499
"CAR (NLS-2) and RWANDA (NLS-1)",0.053244838936233
"CHAD (NLS-1) and RWANDA (NLS-1)",-0.0161244723536277
"COMOROS (NLS-1) and RWANDA (NLS-1)",0.312556276767773
"CONGODR (NLS-2) and RWANDA (NLS-1)",0.115005355643721
"CONGOREPUB (NLS-1) and RWANDA (NLS-1)",-0.0056625417026241
"DJIBOUTI (NLS-1) and RWANDA (NLS-1)",-0.258269680925683
"EGYPT (NLS-1) and RWANDA (NLS-1)",-0.134603700209495
"EQGUINEA (NLS-2) and RWANDA (NLS-1)",0.100427974352491
"ERITREA (OLS) and RWANDA (NLS-1)",-0.191071314901181
"ETHIOPIA (NLS-2) and RWANDA (NLS-1)",0.0472649570640723
"GABON (NLS-1) and RWANDA (NLS-1)",-0.0439790884936621
"GAMBIA (NLS-1) and RWANDA (NLS-1)",-0.00309701991644303
"GHANA (OLS) and RWANDA (NLS-1)",0.101344665397677
"GUINEA (NLS-1) and RWANDA (NLS-1)",0.191881921645076
"GUINEABISSAU (NLS-1) and RWANDA (NLS-1)",0.163989689993398
"IVORYCOAST (NLS-1) and RWANDA (NLS-1)",-0.111586533671325
"KENYA (NLS-1) and RWANDA (NLS-1)",-0.152980518064199
"LESOTHO (NLS-1) and RWANDA (NLS-1)",-0.118656414856783
"LIBERIA (NLS-2) and RWANDA (NLS-1)",-0.0113282220408684
"LIBYA (NLS-2) and RWANDA (NLS-1)",-0.176567799739028
"MADAGASCAR (NLS-1) and RWANDA (NLS-1)",-0.189484208199705
"MALAWI (NLS-1) and RWANDA (NLS-1)",0.281228588346878
"MALI (NLS-1) and RWANDA (NLS-1)",-0.0502057525084058
"MAURITANIA (OLS) and RWANDA (NLS-1)",-0.099096426414393
"MAURITIUS (OLS) and RWANDA (NLS-1)",-0.141994184089873
"MOROCCO (NLS-1) and RWANDA (NLS-1)",-0.217413906399921
"MOZAMBIQUE (NLS-1) and RWANDA (NLS-1)",-0.231820733613809
"NAMIBIA (NLS-1) and RWANDA (NLS-1)",-0.0848570229480239
"NIGER (NLS-1) and RWANDA (NLS-1)",0.0023946409686331
"NIGERIA (NLS-1) and RWANDA (NLS-1)",0.013044750042718
"ALGERIA (NLS-1) and SAOTOME (NLS-1)",0.16939403315558
"ANGOLA (OLS) and SAOTOME (NLS-1)",0.017891733777737
"BENIN (NLS-1) and SAOTOME (NLS-1)",0.100670106992553
"BOTSWANA (NLS-1) and SAOTOME (NLS-1)",-0.0504460491633963
"BURKINAFASO (NLS-1) and SAOTOME (NLS-1)",-0.02456514412335
"BURUNDI (NLS-1) and SAOTOME (NLS-1)",-0.0994823653912177
"CABOVERDE (OLS) and SAOTOME (NLS-1)",-0.0789320459429832
"CAMEROON (NLS-1) and SAOTOME (NLS-1)",-0.151328603561847
"CAR (NLS-2) and SAOTOME (NLS-1)",0.15078254151801
"CHAD (NLS-1) and SAOTOME (NLS-1)",0.0263105511958319
"COMOROS (NLS-1) and SAOTOME (NLS-1)",-0.192780920200053
"CONGODR (NLS-2) and SAOTOME (NLS-1)",0.105828709660189
"CONGOREPUB (NLS-1) and SAOTOME (NLS-1)",0.0263637879769443
"DJIBOUTI (NLS-1) and SAOTOME (NLS-1)",0.0103502592006302
"EGYPT (NLS-1) and SAOTOME (NLS-1)",-0.077583939439891
"EQGUINEA (NLS-2) and SAOTOME (NLS-1)",-0.12222990906106
"ERITREA (OLS) and SAOTOME (NLS-1)",-0.0775017270952677
"ETHIOPIA (NLS-2) and SAOTOME (NLS-1)",0.0802984458832744
"GABON (NLS-1) and SAOTOME (NLS-1)",0.0148770739681288
"GAMBIA (NLS-1) and SAOTOME (NLS-1)",-0.0563378804886013
"GHANA (OLS) and SAOTOME (NLS-1)",0.0716785485013892
"GUINEA (NLS-1) and SAOTOME (NLS-1)",0.102375646217876
"GUINEABISSAU (NLS-1) and SAOTOME (NLS-1)",-0.259303671431956
"IVORYCOAST (NLS-1) and SAOTOME (NLS-1)",0.140809248569885
"KENYA (NLS-1) and SAOTOME (NLS-1)",0.176809469568717
"LESOTHO (NLS-1) and SAOTOME (NLS-1)",0.102478837644573
"LIBERIA (NLS-2) and SAOTOME (NLS-1)",-0.0487275772546598
"LIBYA (NLS-2) and SAOTOME (NLS-1)",0.139244531082191
"MADAGASCAR (NLS-1) and SAOTOME (NLS-1)",0.0355170551439972
"MALAWI (NLS-1) and SAOTOME (NLS-1)",0.14152543079362
"MALI (NLS-1) and SAOTOME (NLS-1)",-0.106733017399668
"MAURITANIA (OLS) and SAOTOME (NLS-1)",0.16312611799758
"MAURITIUS (OLS) and SAOTOME (NLS-1)",-0.0966080465644126
"MOROCCO (NLS-1) and SAOTOME (NLS-1)",-0.0967882818473929
"MOZAMBIQUE (NLS-1) and SAOTOME (NLS-1)",0.0308615813846993
"NAMIBIA (NLS-1) and SAOTOME (NLS-1)",0.179530590028477
"NIGER (NLS-1) and SAOTOME (NLS-1)",-0.0291164938965055
"NIGERIA (NLS-1) and SAOTOME (NLS-1)",0.296176380844814
"RWANDA (NLS-1) and SAOTOME (NLS-1)",0.0284812646712191
"ALGERIA (NLS-1) and SENEGAL (OLS)",0.119226861678759
"ANGOLA (OLS) and SENEGAL (OLS)",-0.0580417246696108
"BENIN (NLS-1) and SENEGAL (OLS)",-0.00870812334065468
"BOTSWANA (NLS-1) and SENEGAL (OLS)",-0.0894866462022561
"BURKINAFASO (NLS-1) and SENEGAL (OLS)",0.342388693116424
"BURUNDI (NLS-1) and SENEGAL (OLS)",-0.094966742292366
"CABOVERDE (OLS) and SENEGAL (OLS)",-0.0608138270748613
"CAMEROON (NLS-1) and SENEGAL (OLS)",0.00482256215380254
"CAR (NLS-2) and SENEGAL (OLS)",0.0108515786409588
"CHAD (NLS-1) and SENEGAL (OLS)",-0.0677923082387346
"COMOROS (NLS-1) and SENEGAL (OLS)",-0.0565329353663374
"CONGODR (NLS-2) and SENEGAL (OLS)",-0.297127200287392
"CONGOREPUB (NLS-1) and SENEGAL (OLS)",0.113926272204595
"DJIBOUTI (NLS-1) and SENEGAL (OLS)",-0.0726598716173527
"EGYPT (NLS-1) and SENEGAL (OLS)",0.230959387881238
"EQGUINEA (NLS-2) and SENEGAL (OLS)",-0.0764365891483268
"ERITREA (OLS) and SENEGAL (OLS)",-0.0258573235178246
"ETHIOPIA (NLS-2) and SENEGAL (OLS)",0.219928674891615
"GABON (NLS-1) and SENEGAL (OLS)",0.206797241859524
"GAMBIA (NLS-1) and SENEGAL (OLS)",0.148222454796792
"GHANA (OLS) and SENEGAL (OLS)",-0.284685477788732
"GUINEA (NLS-1) and SENEGAL (OLS)",-0.0299418435841315
"GUINEABISSAU (NLS-1) and SENEGAL (OLS)",-0.0865116222081398
"IVORYCOAST (NLS-1) and SENEGAL (OLS)",0.206556749145128
"KENYA (NLS-1) and SENEGAL (OLS)",-0.0969820524221999
"LESOTHO (NLS-1) and SENEGAL (OLS)",-0.339390114568145
"LIBERIA (NLS-2) and SENEGAL (OLS)",0.0209141647049677
"LIBYA (NLS-2) and SENEGAL (OLS)",0.0255888446780384
"MADAGASCAR (NLS-1) and SENEGAL (OLS)",0.190281526185355
"MALAWI (NLS-1) and SENEGAL (OLS)",-0.0888940750148887
"MALI (NLS-1) and SENEGAL (OLS)",0.257767800009543
"MAURITANIA (OLS) and SENEGAL (OLS)",0.109194879845493
"MAURITIUS (OLS) and SENEGAL (OLS)",0.146330077664755
"MOROCCO (NLS-1) and SENEGAL (OLS)",0.0978430234404927
"MOZAMBIQUE (NLS-1) and SENEGAL (OLS)",0.234196112700457
"NAMIBIA (NLS-1) and SENEGAL (OLS)",0.087557063604985
"NIGER (NLS-1) and SENEGAL (OLS)",0.0914832572119774
"NIGERIA (NLS-1) and SENEGAL (OLS)",0.047478002692355
"RWANDA (NLS-1) and SENEGAL (OLS)",-0.324153457346453
"SAOTOME (NLS-1) and SENEGAL (OLS)",-0.0901220533339028
"ALGERIA (NLS-1) and SEYCHELLES (NLS-1)",0.00601936377448923
"ANGOLA (OLS) and SEYCHELLES (NLS-1)",0.0600726074006466
"BENIN (NLS-1) and SEYCHELLES (NLS-1)",0.140312341342074
"BOTSWANA (NLS-1) and SEYCHELLES (NLS-1)",0.201140621022122
"BURKINAFASO (NLS-1) and SEYCHELLES (NLS-1)",0.0278013782501058
"BURUNDI (NLS-1) and SEYCHELLES (NLS-1)",-0.0539502728739637
"CABOVERDE (OLS) and SEYCHELLES (NLS-1)",0.181921157562249
"CAMEROON (NLS-1) and SEYCHELLES (NLS-1)",-0.0011516926616391
"CAR (NLS-2) and SEYCHELLES (NLS-1)",-0.039907711889189
"CHAD (NLS-1) and SEYCHELLES (NLS-1)",-0.389706963642337
"COMOROS (NLS-1) and SEYCHELLES (NLS-1)",0.151345261300453
"CONGODR (NLS-2) and SEYCHELLES (NLS-1)",-0.0407895151221897
"CONGOREPUB (NLS-1) and SEYCHELLES (NLS-1)",-0.0346589583204785
"DJIBOUTI (NLS-1) and SEYCHELLES (NLS-1)",0.0460417414963874
"EGYPT (NLS-1) and SEYCHELLES (NLS-1)",-0.0354030987013356
"EQGUINEA (NLS-2) and SEYCHELLES (NLS-1)",-0.164672930601295
"ERITREA (OLS) and SEYCHELLES (NLS-1)",-0.0734009080954656
"ETHIOPIA (NLS-2) and SEYCHELLES (NLS-1)",-0.129346471628042
"GABON (NLS-1) and SEYCHELLES (NLS-1)",0.0734716137851229
"GAMBIA (NLS-1) and SEYCHELLES (NLS-1)",-0.274262399144135
"GHANA (OLS) and SEYCHELLES (NLS-1)",-0.0174802724558695
"GUINEA (NLS-1) and SEYCHELLES (NLS-1)",0.184102938760438
"GUINEABISSAU (NLS-1) and SEYCHELLES (NLS-1)",0.0992786689421072
"IVORYCOAST (NLS-1) and SEYCHELLES (NLS-1)",0.0791116850347086
"KENYA (NLS-1) and SEYCHELLES (NLS-1)",0.27058772052891
"LESOTHO (NLS-1) and SEYCHELLES (NLS-1)",0.246100263644604
"LIBERIA (NLS-2) and SEYCHELLES (NLS-1)",0.00778550271594716
"LIBYA (NLS-2) and SEYCHELLES (NLS-1)",0.0737813092884346
"MADAGASCAR (NLS-1) and SEYCHELLES (NLS-1)",-0.102939563005396
"MALAWI (NLS-1) and SEYCHELLES (NLS-1)",-0.00718467663587198
"MALI (NLS-1) and SEYCHELLES (NLS-1)",-0.073941390143087
"MAURITANIA (OLS) and SEYCHELLES (NLS-1)",0.0708421218455655
"MAURITIUS (OLS) and SEYCHELLES (NLS-1)",0.0581778619229618
"MOROCCO (NLS-1) and SEYCHELLES (NLS-1)",-0.259803826712426
"MOZAMBIQUE (NLS-1) and SEYCHELLES (NLS-1)",-0.0280559954148292
"NAMIBIA (NLS-1) and SEYCHELLES (NLS-1)",-0.0875374114542998
"NIGER (NLS-1) and SEYCHELLES (NLS-1)",-0.012265978130894
"NIGERIA (NLS-1) and SEYCHELLES (NLS-1)",0.0229620606272762
"RWANDA (NLS-1) and SEYCHELLES (NLS-1)",-0.113865735028069
"SAOTOME (NLS-1) and SEYCHELLES (NLS-1)",0.163115467310807
"SENEGAL (OLS) and SEYCHELLES (NLS-1)",-0.0150352129497147
"ALGERIA (NLS-1) and SIERRALEONE (NLS-1)",-0.19167845791497
"ANGOLA (OLS) and SIERRALEONE (NLS-1)",0.0337054913995571
"BENIN (NLS-1) and SIERRALEONE (NLS-1)",0.0171295050953463
"BOTSWANA (NLS-1) and SIERRALEONE (NLS-1)",0.10655637476789
"BURKINAFASO (NLS-1) and SIERRALEONE (NLS-1)",0.119761424366908
"BURUNDI (NLS-1) and SIERRALEONE (NLS-1)",0.0675820367722493
"CABOVERDE (OLS) and SIERRALEONE (NLS-1)",-0.197727118279804
"CAMEROON (NLS-1) and SIERRALEONE (NLS-1)",0.160103617340813
"CAR (NLS-2) and SIERRALEONE (NLS-1)",-0.329085148273349
"CHAD (NLS-1) and SIERRALEONE (NLS-1)",-0.187505221291113
"COMOROS (NLS-1) and SIERRALEONE (NLS-1)",-0.134423020661942
"CONGODR (NLS-2) and SIERRALEONE (NLS-1)",0.179569603550733
"CONGOREPUB (NLS-1) and SIERRALEONE (NLS-1)",0.151790682390928
"DJIBOUTI (NLS-1) and SIERRALEONE (NLS-1)",-0.156327893022256
"EGYPT (NLS-1) and SIERRALEONE (NLS-1)",-0.201229872018785
"EQGUINEA (NLS-2) and SIERRALEONE (NLS-1)",-0.214866353621044
"ERITREA (OLS) and SIERRALEONE (NLS-1)",-0.0527592603030819
"ETHIOPIA (NLS-2) and SIERRALEONE (NLS-1)",0.07829333347205
"GABON (NLS-1) and SIERRALEONE (NLS-1)",0.0900127414408798
"GAMBIA (NLS-1) and SIERRALEONE (NLS-1)",-0.17770460921489
"GHANA (OLS) and SIERRALEONE (NLS-1)",0.0602832403986309
"GUINEA (NLS-1) and SIERRALEONE (NLS-1)",0.0878292489411457
"GUINEABISSAU (NLS-1) and SIERRALEONE (NLS-1)",0.0343015981692187
"IVORYCOAST (NLS-1) and SIERRALEONE (NLS-1)",0.0704622297654863
"KENYA (NLS-1) and SIERRALEONE (NLS-1)",0.0026211641716126
"LESOTHO (NLS-1) and SIERRALEONE (NLS-1)",0.0349196526238329
"LIBERIA (NLS-2) and SIERRALEONE (NLS-1)",0.0741816806520945
"LIBYA (NLS-2) and SIERRALEONE (NLS-1)",0.0905465681342133
"MADAGASCAR (NLS-1) and SIERRALEONE (NLS-1)",-0.298424125104333
"MALAWI (NLS-1) and SIERRALEONE (NLS-1)",0.159227426477997
"MALI (NLS-1) and SIERRALEONE (NLS-1)",-0.0954439838347467
"MAURITANIA (OLS) and SIERRALEONE (NLS-1)",0.0564133010555855
"MAURITIUS (OLS) and SIERRALEONE (NLS-1)",-0.0423242950389901
"MOROCCO (NLS-1) and SIERRALEONE (NLS-1)",0.0506238392114524
"MOZAMBIQUE (NLS-1) and SIERRALEONE (NLS-1)",0.101464694925596
"NAMIBIA (NLS-1) and SIERRALEONE (NLS-1)",0.17185703152464
"NIGER (NLS-1) and SIERRALEONE (NLS-1)",0.165631015095842
"NIGERIA (NLS-1) and SIERRALEONE (NLS-1)",0.128759632721046
"RWANDA (NLS-1) and SIERRALEONE (NLS-1)",0.0708882396387445
"SAOTOME (NLS-1) and SIERRALEONE (NLS-1)",-0.11493861849737
"SENEGAL (OLS) and SIERRALEONE (NLS-1)",-0.0970304998310764
"SEYCHELLES (NLS-1) and SIERRALEONE (NLS-1)",-0.0379096376872179
"ALGERIA (NLS-1) and SOMALIA (NLS-1)",-0.181515553305289
"ANGOLA (OLS) and SOMALIA (NLS-1)",-0.0387869996576962
"BENIN (NLS-1) and SOMALIA (NLS-1)",-0.171554520524495
"BOTSWANA (NLS-1) and SOMALIA (NLS-1)",0.18536602465112
"BURKINAFASO (NLS-1) and SOMALIA (NLS-1)",-0.185334244885693
"BURUNDI (NLS-1) and SOMALIA (NLS-1)",-0.136092215755747
"CABOVERDE (OLS) and SOMALIA (NLS-1)",0.113665847193759
"CAMEROON (NLS-1) and SOMALIA (NLS-1)",0.228273250174708
"CAR (NLS-2) and SOMALIA (NLS-1)",-0.0417364826263028
"CHAD (NLS-1) and SOMALIA (NLS-1)",0.0153492594623262
"COMOROS (NLS-1) and SOMALIA (NLS-1)",0.134165897711419
"CONGODR (NLS-2) and SOMALIA (NLS-1)",0.207489950434555
"CONGOREPUB (NLS-1) and SOMALIA (NLS-1)",-0.167624006937686
"DJIBOUTI (NLS-1) and SOMALIA (NLS-1)",-0.0474734844648127
"EGYPT (NLS-1) and SOMALIA (NLS-1)",0.0687566446046464
"EQGUINEA (NLS-2) and SOMALIA (NLS-1)",0.168894468432007
"ERITREA (OLS) and SOMALIA (NLS-1)",-0.143911564075891
"ETHIOPIA (NLS-2) and SOMALIA (NLS-1)",-0.0758484423470905
"GABON (NLS-1) and SOMALIA (NLS-1)",-0.318699667698629
"GAMBIA (NLS-1) and SOMALIA (NLS-1)",0.0303924838878926
"GHANA (OLS) and SOMALIA (NLS-1)",-0.232047402070981
"GUINEA (NLS-1) and SOMALIA (NLS-1)",0.0581124524809474
"GUINEABISSAU (NLS-1) and SOMALIA (NLS-1)",0.175430050702383
"IVORYCOAST (NLS-1) and SOMALIA (NLS-1)",0.072879230448149
"KENYA (NLS-1) and SOMALIA (NLS-1)",0.126265362241808
"LESOTHO (NLS-1) and SOMALIA (NLS-1)",-0.177008954048859
"LIBERIA (NLS-2) and SOMALIA (NLS-1)",0.0745857669512692
"LIBYA (NLS-2) and SOMALIA (NLS-1)",0.017012936822933
"MADAGASCAR (NLS-1) and SOMALIA (NLS-1)",0.0775685770315158
"MALAWI (NLS-1) and SOMALIA (NLS-1)",-0.0751666109488775
"MALI (NLS-1) and SOMALIA (NLS-1)",0.221905977994269
"MAURITANIA (OLS) and SOMALIA (NLS-1)",-0.161999530938844
"MAURITIUS (OLS) and SOMALIA (NLS-1)",-0.0647144519295793
"MOROCCO (NLS-1) and SOMALIA (NLS-1)",-0.0405980851786966
"MOZAMBIQUE (NLS-1) and SOMALIA (NLS-1)",0.203434857232175
"NAMIBIA (NLS-1) and SOMALIA (NLS-1)",-0.270846886722186
"NIGER (NLS-1) and SOMALIA (NLS-1)",0.154167615645721
"NIGERIA (NLS-1) and SOMALIA (NLS-1)",-0.125307127104773
"RWANDA (NLS-1) and SOMALIA (NLS-1)",-0.0462395335929269
"SAOTOME (NLS-1) and SOMALIA (NLS-1)",-0.268381599002544
"SENEGAL (OLS) and SOMALIA (NLS-1)",0.139500805727758
"SEYCHELLES (NLS-1) and SOMALIA (NLS-1)",-0.0221842942816156
"SIERRALEONE (NLS-1) and SOMALIA (NLS-1)",0.00676478024396325
"ALGERIA (NLS-1) and SOUTHAFRICA (NLS-1)",0.1225665373893
"ANGOLA (OLS) and SOUTHAFRICA (NLS-1)",0.209823084293825
"BENIN (NLS-1) and SOUTHAFRICA (NLS-1)",0.200069771302295
"BOTSWANA (NLS-1) and SOUTHAFRICA (NLS-1)",0.193735779079661
"BURKINAFASO (NLS-1) and SOUTHAFRICA (NLS-1)",0.0514710053284872
"BURUNDI (NLS-1) and SOUTHAFRICA (NLS-1)",0.0108335257929025
"CABOVERDE (OLS) and SOUTHAFRICA (NLS-1)",0.0702648664456617
"CAMEROON (NLS-1) and SOUTHAFRICA (NLS-1)",0.0765766691281372
"CAR (NLS-2) and SOUTHAFRICA (NLS-1)",0.108834682668909
"CHAD (NLS-1) and SOUTHAFRICA (NLS-1)",-0.0163439530146062
"COMOROS (NLS-1) and SOUTHAFRICA (NLS-1)",-0.0389670844372445
"CONGODR (NLS-2) and SOUTHAFRICA (NLS-1)",0.152758284975204
"CONGOREPUB (NLS-1) and SOUTHAFRICA (NLS-1)",0.10215155918502
"DJIBOUTI (NLS-1) and SOUTHAFRICA (NLS-1)",0.182687007706285
"EGYPT (NLS-1) and SOUTHAFRICA (NLS-1)",0.120025306810821
"EQGUINEA (NLS-2) and SOUTHAFRICA (NLS-1)",0.0393393185756015
"ERITREA (OLS) and SOUTHAFRICA (NLS-1)",0.0101913809350968
"ETHIOPIA (NLS-2) and SOUTHAFRICA (NLS-1)",0.197127674304365
"GABON (NLS-1) and SOUTHAFRICA (NLS-1)",0.0885884057569145
"GAMBIA (NLS-1) and SOUTHAFRICA (NLS-1)",-0.159556766348645
"GHANA (OLS) and SOUTHAFRICA (NLS-1)",0.438085655148779
"GUINEA (NLS-1) and SOUTHAFRICA (NLS-1)",0.13271160066084
"GUINEABISSAU (NLS-1) and SOUTHAFRICA (NLS-1)",-0.0727431993903909
"IVORYCOAST (NLS-1) and SOUTHAFRICA (NLS-1)",0.0167709419342231
"KENYA (NLS-1) and SOUTHAFRICA (NLS-1)",-0.0294386247388576
"LESOTHO (NLS-1) and SOUTHAFRICA (NLS-1)",0.413778780454017
"LIBERIA (NLS-2) and SOUTHAFRICA (NLS-1)",0.169531967088492
"LIBYA (NLS-2) and SOUTHAFRICA (NLS-1)",-0.0773324894836428
"MADAGASCAR (NLS-1) and SOUTHAFRICA (NLS-1)",0.111382493161967
"MALAWI (NLS-1) and SOUTHAFRICA (NLS-1)",-0.0246657172384794
"MALI (NLS-1) and SOUTHAFRICA (NLS-1)",-0.127479136468835
"MAURITANIA (OLS) and SOUTHAFRICA (NLS-1)",0.180692504902399
"MAURITIUS (OLS) and SOUTHAFRICA (NLS-1)",-0.0992890880811224
"MOROCCO (NLS-1) and SOUTHAFRICA (NLS-1)",0.222065734771859
"MOZAMBIQUE (NLS-1) and SOUTHAFRICA (NLS-1)",0.213145389580049
"NAMIBIA (NLS-1) and SOUTHAFRICA (NLS-1)",0.205311798931685
"NIGER (NLS-1) and SOUTHAFRICA (NLS-1)",-0.134022600943112
"NIGERIA (NLS-1) and SOUTHAFRICA (NLS-1)",0.0385653239651179
"RWANDA (NLS-1) and SOUTHAFRICA (NLS-1)",-0.223442958017056
"SAOTOME (NLS-1) and SOUTHAFRICA (NLS-1)",0.0506336452553751
"SENEGAL (OLS) and SOUTHAFRICA (NLS-1)",-0.0893639600072899
"SEYCHELLES (NLS-1) and SOUTHAFRICA (NLS-1)",0.092420633018195
"SIERRALEONE (NLS-1) and SOUTHAFRICA (NLS-1)",0.15758676626768
"SOMALIA (NLS-1) and SOUTHAFRICA (NLS-1)",-0.147516521880589
"ALGERIA (NLS-1) and SUDAN (OLS)",-0.251881067984813
"ANGOLA (OLS) and SUDAN (OLS)",-0.171940651760311
"BENIN (NLS-1) and SUDAN (OLS)",-0.227012081395379
"BOTSWANA (NLS-1) and SUDAN (OLS)",0.145748647842299
"BURKINAFASO (NLS-1) and SUDAN (OLS)",0.226468680192035
"BURUNDI (NLS-1) and SUDAN (OLS)",-0.00597169729471468
"CABOVERDE (OLS) and SUDAN (OLS)",0.154713707039729
"CAMEROON (NLS-1) and SUDAN (OLS)",-0.237692068838687
"CAR (NLS-2) and SUDAN (OLS)",-0.0159790533263864
"CHAD (NLS-1) and SUDAN (OLS)",-0.00624726749400982
"COMOROS (NLS-1) and SUDAN (OLS)",-0.0636076898803119
"CONGODR (NLS-2) and SUDAN (OLS)",-0.134080080174283
"CONGOREPUB (NLS-1) and SUDAN (OLS)",0.0239199597551615
"DJIBOUTI (NLS-1) and SUDAN (OLS)",-0.167708774191317
"EGYPT (NLS-1) and SUDAN (OLS)",0.131361895287416
"EQGUINEA (NLS-2) and SUDAN (OLS)",-0.108001771899298
"ERITREA (OLS) and SUDAN (OLS)",-0.0277875321423267
"ETHIOPIA (NLS-2) and SUDAN (OLS)",0.147564562608078
"GABON (NLS-1) and SUDAN (OLS)",0.343097980418471
"GAMBIA (NLS-1) and SUDAN (OLS)",0.144732205324012
"GHANA (OLS) and SUDAN (OLS)",-0.111278128549139
"GUINEA (NLS-1) and SUDAN (OLS)",-0.016566618600852
"GUINEABISSAU (NLS-1) and SUDAN (OLS)",0.226886477093763
"IVORYCOAST (NLS-1) and SUDAN (OLS)",-0.146055702876906
"KENYA (NLS-1) and SUDAN (OLS)",-0.247726443908665
"LESOTHO (NLS-1) and SUDAN (OLS)",-0.0239830527513045
"LIBERIA (NLS-2) and SUDAN (OLS)",0.0830749109625931
"LIBYA (NLS-2) and SUDAN (OLS)",0.077770135602188
"MADAGASCAR (NLS-1) and SUDAN (OLS)",0.0894570585436051
"MALAWI (NLS-1) and SUDAN (OLS)",-0.187971796828981
"MALI (NLS-1) and SUDAN (OLS)",0.109257625130071
"MAURITANIA (OLS) and SUDAN (OLS)",0.153873304254362
"MAURITIUS (OLS) and SUDAN (OLS)",0.0878192372860759
"MOROCCO (NLS-1) and SUDAN (OLS)",0.00881374004665391
"MOZAMBIQUE (NLS-1) and SUDAN (OLS)",0.160788087055522
"NAMIBIA (NLS-1) and SUDAN (OLS)",-0.00298326668366521
"NIGER (NLS-1) and SUDAN (OLS)",0.0181898140284674
"NIGERIA (NLS-1) and SUDAN (OLS)",-0.101233624419807
"RWANDA (NLS-1) and SUDAN (OLS)",-0.00961280876285749
"SAOTOME (NLS-1) and SUDAN (OLS)",-0.220502154738485
"SENEGAL (OLS) and SUDAN (OLS)",0.315254329470361
"SEYCHELLES (NLS-1) and SUDAN (OLS)",-0.124563283409005
"SIERRALEONE (NLS-1) and SUDAN (OLS)",-0.0264960481871872
"SOMALIA (NLS-1) and SUDAN (OLS)",-0.153745966590474
"SOUTHAFRICA (NLS-1) and SUDAN (OLS)",0.0636319472388698
"ALGERIA (NLS-1) and TANZANIA (NLS-1)",0.0541875462136672
"ANGOLA (OLS) and TANZANIA (NLS-1)",0.200914216933346
"BENIN (NLS-1) and TANZANIA (NLS-1)",-0.100129887360964
"BOTSWANA (NLS-1) and TANZANIA (NLS-1)",-0.124053524150387
"BURKINAFASO (NLS-1) and TANZANIA (NLS-1)",0.067748822140831
"BURUNDI (NLS-1) and TANZANIA (NLS-1)",0.0684470675360865
"CABOVERDE (OLS) and TANZANIA (NLS-1)",-0.181751757077571
"CAMEROON (NLS-1) and TANZANIA (NLS-1)",-0.0419366591259341
"CAR (NLS-2) and TANZANIA (NLS-1)",0.0104988731589595
"CHAD (NLS-1) and TANZANIA (NLS-1)",-0.147215094770916
"COMOROS (NLS-1) and TANZANIA (NLS-1)",-0.200663050104421
"CONGODR (NLS-2) and TANZANIA (NLS-1)",0.00451299887674741
"CONGOREPUB (NLS-1) and TANZANIA (NLS-1)",-0.254370656754788
"DJIBOUTI (NLS-1) and TANZANIA (NLS-1)",0.0723886598709174
"EGYPT (NLS-1) and TANZANIA (NLS-1)",-0.138450386058577
"EQGUINEA (NLS-2) and TANZANIA (NLS-1)",-0.0211627005146762
"ERITREA (OLS) and TANZANIA (NLS-1)",0.00645871044324646
"ETHIOPIA (NLS-2) and TANZANIA (NLS-1)",0.021752920825231
"GABON (NLS-1) and TANZANIA (NLS-1)",0.140658812268062
"GAMBIA (NLS-1) and TANZANIA (NLS-1)",0.0730489741504383
"GHANA (OLS) and TANZANIA (NLS-1)",-0.0300664313745967
"GUINEA (NLS-1) and TANZANIA (NLS-1)",0.275131105788177
"GUINEABISSAU (NLS-1) and TANZANIA (NLS-1)",-0.0600224218974106
"IVORYCOAST (NLS-1) and TANZANIA (NLS-1)",0.134274573374311
"KENYA (NLS-1) and TANZANIA (NLS-1)",-0.0277887720465575
"LESOTHO (NLS-1) and TANZANIA (NLS-1)",-0.0748184612061963
"LIBERIA (NLS-2) and TANZANIA (NLS-1)",-0.092698887243824
"LIBYA (NLS-2) and TANZANIA (NLS-1)",-0.0947843683564922
"MADAGASCAR (NLS-1) and TANZANIA (NLS-1)",0.242384552665857
"MALAWI (NLS-1) and TANZANIA (NLS-1)",0.0259653319814126
"MALI (NLS-1) and TANZANIA (NLS-1)",0.250231751205852
"MAURITANIA (OLS) and TANZANIA (NLS-1)",-0.0634082797499217
"MAURITIUS (OLS) and TANZANIA (NLS-1)",-0.225010578152542
"MOROCCO (NLS-1) and TANZANIA (NLS-1)",0.159392041820943
"MOZAMBIQUE (NLS-1) and TANZANIA (NLS-1)",0.254698141924492
"NAMIBIA (NLS-1) and TANZANIA (NLS-1)",0.115600973436739
"NIGER (NLS-1) and TANZANIA (NLS-1)",-0.0241122397564628
"NIGERIA (NLS-1) and TANZANIA (NLS-1)",0.0906112095215972
"RWANDA (NLS-1) and TANZANIA (NLS-1)",-0.207095275718928
"SAOTOME (NLS-1) and TANZANIA (NLS-1)",-0.0193587812549465
"SENEGAL (OLS) and TANZANIA (NLS-1)",0.203221042881987
"SEYCHELLES (NLS-1) and TANZANIA (NLS-1)",-0.0210055068507289
"SIERRALEONE (NLS-1) and TANZANIA (NLS-1)",0.16570001857879
"SOMALIA (NLS-1) and TANZANIA (NLS-1)",0.177511248765788
"SOUTHAFRICA (NLS-1) and TANZANIA (NLS-1)",0.133208765731406
"SUDAN (OLS) and TANZANIA (NLS-1)",-0.0275903445946824
"ALGERIA (NLS-1) and TOGO (OLS)",-0.0207212355333979
"ANGOLA (OLS) and TOGO (OLS)",0.284081024264738
"BENIN (NLS-1) and TOGO (OLS)",0.0630485906933238
"BOTSWANA (NLS-1) and TOGO (OLS)",0.129830564441373
"BURKINAFASO (NLS-1) and TOGO (OLS)",0.18712381171742
"BURUNDI (NLS-1) and TOGO (OLS)",-0.165690215293099
"CABOVERDE (OLS) and TOGO (OLS)",-0.0354224870279374
"CAMEROON (NLS-1) and TOGO (OLS)",0.330247773778077
"CAR (NLS-2) and TOGO (OLS)",0.106176640531904
"CHAD (NLS-1) and TOGO (OLS)",0.290640496855823
"COMOROS (NLS-1) and TOGO (OLS)",-0.136678585698695
"CONGODR (NLS-2) and TOGO (OLS)",0.32226101033212
"CONGOREPUB (NLS-1) and TOGO (OLS)",-0.0373250714425198
"DJIBOUTI (NLS-1) and TOGO (OLS)",0.241692052215874
"EGYPT (NLS-1) and TOGO (OLS)",0.365408319842913
"EQGUINEA (NLS-2) and TOGO (OLS)",0.248813914895711
"ERITREA (OLS) and TOGO (OLS)",-0.0127037093664164
"ETHIOPIA (NLS-2) and TOGO (OLS)",-0.147246098348034
"GABON (NLS-1) and TOGO (OLS)",-0.0708592421981698
"GAMBIA (NLS-1) and TOGO (OLS)",-0.144382424640299
"GHANA (OLS) and TOGO (OLS)",0.259052826399275
"GUINEA (NLS-1) and TOGO (OLS)",0.123869227096446
"GUINEABISSAU (NLS-1) and TOGO (OLS)",-0.0464919264777462
"IVORYCOAST (NLS-1) and TOGO (OLS)",0.0326180341733163
"KENYA (NLS-1) and TOGO (OLS)",0.114971064900368
"LESOTHO (NLS-1) and TOGO (OLS)",0.1141030928154
"LIBERIA (NLS-2) and TOGO (OLS)",0.216540269857128
"LIBYA (NLS-2) and TOGO (OLS)",-0.00326126916621323
"MADAGASCAR (NLS-1) and TOGO (OLS)",0.120215782547891
"MALAWI (NLS-1) and TOGO (OLS)",0.124808639048521
"MALI (NLS-1) and TOGO (OLS)",-0.0151500780134398
"MAURITANIA (OLS) and TOGO (OLS)",0.0282959325883478
"MAURITIUS (OLS) and TOGO (OLS)",-0.204262026924355
"MOROCCO (NLS-1) and TOGO (OLS)",0.3267017160206
"MOZAMBIQUE (NLS-1) and TOGO (OLS)",0.0956141528021373
"NAMIBIA (NLS-1) and TOGO (OLS)",0.171018045826003
"NIGER (NLS-1) and TOGO (OLS)",0.0297260503370638
"NIGERIA (NLS-1) and TOGO (OLS)",0.298470708205663
"RWANDA (NLS-1) and TOGO (OLS)",-0.0632743210057673
"SAOTOME (NLS-1) and TOGO (OLS)",0.0354225782258707
"SENEGAL (OLS) and TOGO (OLS)",-0.163482275893824
"SEYCHELLES (NLS-1) and TOGO (OLS)",-0.142239161589202
"SIERRALEONE (NLS-1) and TOGO (OLS)",0.015407110106609
"SOMALIA (NLS-1) and TOGO (OLS)",0.190131244115347
"SOUTHAFRICA (NLS-1) and TOGO (OLS)",0.148485754773042
"SUDAN (OLS) and TOGO (OLS)",-0.265046724044933
"TANZANIA (NLS-1) and TOGO (OLS)",0.0810927248817303
"ALGERIA (NLS-1) and TUNISIA (NLS-1)",0.280517139429757
"ANGOLA (OLS) and TUNISIA (NLS-1)",0.0935426541809955
"BENIN (NLS-1) and TUNISIA (NLS-1)",0.145016923347709
"BOTSWANA (NLS-1) and TUNISIA (NLS-1)",0.159394930931004
"BURKINAFASO (NLS-1) and TUNISIA (NLS-1)",-0.0644216158840773
"BURUNDI (NLS-1) and TUNISIA (NLS-1)",-0.178666861925284
"CABOVERDE (OLS) and TUNISIA (NLS-1)",-0.00614912137992191
"CAMEROON (NLS-1) and TUNISIA (NLS-1)",0.171699091507162
"CAR (NLS-2) and TUNISIA (NLS-1)",-0.00418482436298504
"CHAD (NLS-1) and TUNISIA (NLS-1)",0.0667507852634248
"COMOROS (NLS-1) and TUNISIA (NLS-1)",0.0899080377671749
"CONGODR (NLS-2) and TUNISIA (NLS-1)",-0.0660020142002676
"CONGOREPUB (NLS-1) and TUNISIA (NLS-1)",0.0626186531349829
"DJIBOUTI (NLS-1) and TUNISIA (NLS-1)",-0.0199790251538608
"EGYPT (NLS-1) and TUNISIA (NLS-1)",0.271983873819703
"EQGUINEA (NLS-2) and TUNISIA (NLS-1)",0.167320678654033
"ERITREA (OLS) and TUNISIA (NLS-1)",-0.146789443674517
"ETHIOPIA (NLS-2) and TUNISIA (NLS-1)",0.162821852901092
"GABON (NLS-1) and TUNISIA (NLS-1)",-0.0607612847058063
"GAMBIA (NLS-1) and TUNISIA (NLS-1)",0.10383450197991
"GHANA (OLS) and TUNISIA (NLS-1)",-0.138827172988071
"GUINEA (NLS-1) and TUNISIA (NLS-1)",0.0213803847139087
"GUINEABISSAU (NLS-1) and TUNISIA (NLS-1)",-0.175036494525945
"IVORYCOAST (NLS-1) and TUNISIA (NLS-1)",-0.0354385367889026
"KENYA (NLS-1) and TUNISIA (NLS-1)",0.283162136062368
"LESOTHO (NLS-1) and TUNISIA (NLS-1)",-0.23104103045668
"LIBERIA (NLS-2) and TUNISIA (NLS-1)",0.00206620716530243
"LIBYA (NLS-2) and TUNISIA (NLS-1)",0.323415340291021
"MADAGASCAR (NLS-1) and TUNISIA (NLS-1)",0.104124594645857
"MALAWI (NLS-1) and TUNISIA (NLS-1)",0.00404278156371362
"MALI (NLS-1) and TUNISIA (NLS-1)",-0.0194914459829992
"MAURITANIA (OLS) and TUNISIA (NLS-1)",0.143594526736102
"MAURITIUS (OLS) and TUNISIA (NLS-1)",0.0352388937060537
"MOROCCO (NLS-1) and TUNISIA (NLS-1)",-0.0723249292500842
"MOZAMBIQUE (NLS-1) and TUNISIA (NLS-1)",-0.0416894723405951
"NAMIBIA (NLS-1) and TUNISIA (NLS-1)",0.151273626276228
"NIGER (NLS-1) and TUNISIA (NLS-1)",-0.0139393044217343
"NIGERIA (NLS-1) and TUNISIA (NLS-1)",0.23615764126761
"RWANDA (NLS-1) and TUNISIA (NLS-1)",-0.149206080956762
"SAOTOME (NLS-1) and TUNISIA (NLS-1)",-0.0128637339296473
"SENEGAL (OLS) and TUNISIA (NLS-1)",0.28444597318141
"SEYCHELLES (NLS-1) and TUNISIA (NLS-1)",0.221634791883965
"SIERRALEONE (NLS-1) and TUNISIA (NLS-1)",-0.176885147869327
"SOMALIA (NLS-1) and TUNISIA (NLS-1)",-0.0217804334374803
"SOUTHAFRICA (NLS-1) and TUNISIA (NLS-1)",-0.0837040151741322
"SUDAN (OLS) and TUNISIA (NLS-1)",-0.0900654349492319
"TANZANIA (NLS-1) and TUNISIA (NLS-1)",-0.108137930956415
"TOGO (OLS) and TUNISIA (NLS-1)",-0.00160804988828466
"ALGERIA (NLS-1) and UGANDA (OLS)",-0.149697004198214
"ANGOLA (OLS) and UGANDA (OLS)",-0.0990848638639143
"BENIN (NLS-1) and UGANDA (OLS)",0.132087455763522
"BOTSWANA (NLS-1) and UGANDA (OLS)",0.164535324376111
"BURKINAFASO (NLS-1) and UGANDA (OLS)",0.00505514223135506
"BURUNDI (NLS-1) and UGANDA (OLS)",0.0800892368011734
"CABOVERDE (OLS) and UGANDA (OLS)",0.202302506339667
"CAMEROON (NLS-1) and UGANDA (OLS)",-0.0704912828442065
"CAR (NLS-2) and UGANDA (OLS)",0.015209055679823
"CHAD (NLS-1) and UGANDA (OLS)",0.116378052182576
"COMOROS (NLS-1) and UGANDA (OLS)",-0.171973170701736
"CONGODR (NLS-2) and UGANDA (OLS)",-0.00330745216502408
"CONGOREPUB (NLS-1) and UGANDA (OLS)",0.0509673107262754
"DJIBOUTI (NLS-1) and UGANDA (OLS)",-0.226019775471614
"EGYPT (NLS-1) and UGANDA (OLS)",-0.0981508859825897
"EQGUINEA (NLS-2) and UGANDA (OLS)",-0.0493169361756653
"ERITREA (OLS) and UGANDA (OLS)",0.0320163004407963
"ETHIOPIA (NLS-2) and UGANDA (OLS)",0.322600609892597
"GABON (NLS-1) and UGANDA (OLS)",-0.140568659508034
"GAMBIA (NLS-1) and UGANDA (OLS)",-0.153421391814048
"GHANA (OLS) and UGANDA (OLS)",0.256490736424984
"GUINEA (NLS-1) and UGANDA (OLS)",0.237669518793789
"GUINEABISSAU (NLS-1) and UGANDA (OLS)",0.105101578454199
"IVORYCOAST (NLS-1) and UGANDA (OLS)",0.0899538608129254
"KENYA (NLS-1) and UGANDA (OLS)",-0.158602707848615
"LESOTHO (NLS-1) and UGANDA (OLS)",-0.01440839814095
"LIBERIA (NLS-2) and UGANDA (OLS)",0.0122521685525444
"LIBYA (NLS-2) and UGANDA (OLS)",-0.383684923776388
"MADAGASCAR (NLS-1) and UGANDA (OLS)",-0.0233663423553734
"MALAWI (NLS-1) and UGANDA (OLS)",-0.0654104185987514
"MALI (NLS-1) and UGANDA (OLS)",-0.187011181769885
"MAURITANIA (OLS) and UGANDA (OLS)",0.238335440341324
"MAURITIUS (OLS) and UGANDA (OLS)",0.00812215688575651
"MOROCCO (NLS-1) and UGANDA (OLS)",0.010738410135099
"MOZAMBIQUE (NLS-1) and UGANDA (OLS)",0.135431983105332
"NAMIBIA (NLS-1) and UGANDA (OLS)",-0.0524136576071567
"NIGER (NLS-1) and UGANDA (OLS)",-0.0376379140557493
"NIGERIA (NLS-1) and UGANDA (OLS)",-0.0877227586058015
"RWANDA (NLS-1) and UGANDA (OLS)",0.179810958731304
"SAOTOME (NLS-1) and UGANDA (OLS)",0.0426556344055991
"SENEGAL (OLS) and UGANDA (OLS)",-0.0286737173822361
"SEYCHELLES (NLS-1) and UGANDA (OLS)",-0.225350256400655
"SIERRALEONE (NLS-1) and UGANDA (OLS)",-0.0434486248021914
"SOMALIA (NLS-1) and UGANDA (OLS)",-0.0670718957706661
"SOUTHAFRICA (NLS-1) and UGANDA (OLS)",0.141786878905249
"SUDAN (OLS) and UGANDA (OLS)",0.214961603066917
"TANZANIA (NLS-1) and UGANDA (OLS)",-0.129248484051854
"TOGO (OLS) and UGANDA (OLS)",-0.0933930035949809
"TUNISIA (NLS-1) and UGANDA (OLS)",-0.220527335946836
"ALGERIA (NLS-1) and ZAMBIA (NLS-1)",0.135111814055615
"ANGOLA (OLS) and ZAMBIA (NLS-1)",-0.170461565064338
"BENIN (NLS-1) and ZAMBIA (NLS-1)",0.195653408093434
"BOTSWANA (NLS-1) and ZAMBIA (NLS-1)",0.12257749051571
"BURKINAFASO (NLS-1) and ZAMBIA (NLS-1)",0.363286830866444
"BURUNDI (NLS-1) and ZAMBIA (NLS-1)",-0.103614564136135
"CABOVERDE (OLS) and ZAMBIA (NLS-1)",-0.0154727174393867
"CAMEROON (NLS-1) and ZAMBIA (NLS-1)",-0.0936647479302128
"CAR (NLS-2) and ZAMBIA (NLS-1)",0.0219251303954113
"CHAD (NLS-1) and ZAMBIA (NLS-1)",0.188798962680888
"COMOROS (NLS-1) and ZAMBIA (NLS-1)",-0.111235000532257
"CONGODR (NLS-2) and ZAMBIA (NLS-1)",-0.092427391547412
"CONGOREPUB (NLS-1) and ZAMBIA (NLS-1)",0.0347098179874476
"DJIBOUTI (NLS-1) and ZAMBIA (NLS-1)",-0.0985299284345509
"EGYPT (NLS-1) and ZAMBIA (NLS-1)",0.0266659595682921
"EQGUINEA (NLS-2) and ZAMBIA (NLS-1)",-0.0851518305633206
"ERITREA (OLS) and ZAMBIA (NLS-1)",0.0827117476093198
"ETHIOPIA (NLS-2) and ZAMBIA (NLS-1)",0.302016712268402
"GABON (NLS-1) and ZAMBIA (NLS-1)",0.214419783577473
"GAMBIA (NLS-1) and ZAMBIA (NLS-1)",0.109550053622115
"GHANA (OLS) and ZAMBIA (NLS-1)",0.16346957044791
"GUINEA (NLS-1) and ZAMBIA (NLS-1)",0.262562008575882
"GUINEABISSAU (NLS-1) and ZAMBIA (NLS-1)",0.0483219969654783
"IVORYCOAST (NLS-1) and ZAMBIA (NLS-1)",0.0822875173328038
"KENYA (NLS-1) and ZAMBIA (NLS-1)",-0.187500417395565
"LESOTHO (NLS-1) and ZAMBIA (NLS-1)",0.127951965408615
"LIBERIA (NLS-2) and ZAMBIA (NLS-1)",0.0889260653197346
"LIBYA (NLS-2) and ZAMBIA (NLS-1)",-0.0277146061714088
"MADAGASCAR (NLS-1) and ZAMBIA (NLS-1)",0.0700532110359412
"MALAWI (NLS-1) and ZAMBIA (NLS-1)",0.099920887735447
"MALI (NLS-1) and ZAMBIA (NLS-1)",0.071334262403447
"MAURITANIA (OLS) and ZAMBIA (NLS-1)",0.463939017064907
"MAURITIUS (OLS) and ZAMBIA (NLS-1)",0.120696652925095
"MOROCCO (NLS-1) and ZAMBIA (NLS-1)",0.134196049537238
"MOZAMBIQUE (NLS-1) and ZAMBIA (NLS-1)",0.374091289326575
"NAMIBIA (NLS-1) and ZAMBIA (NLS-1)",0.0320019300233646
"NIGER (NLS-1) and ZAMBIA (NLS-1)",0.0277647321337453
"NIGERIA (NLS-1) and ZAMBIA (NLS-1)",0.222817313912089
"RWANDA (NLS-1) and ZAMBIA (NLS-1)",0.0290027332893956
"SAOTOME (NLS-1) and ZAMBIA (NLS-1)",0.210247189020634
"SENEGAL (OLS) and ZAMBIA (NLS-1)",0.220495270612896
"SEYCHELLES (NLS-1) and ZAMBIA (NLS-1)",-0.191622637098068
"SIERRALEONE (NLS-1) and ZAMBIA (NLS-1)",0.156946568105458
"SOMALIA (NLS-1) and ZAMBIA (NLS-1)",-0.0945931914317206
"SOUTHAFRICA (NLS-1) and ZAMBIA (NLS-1)",0.357567310868193
"SUDAN (OLS) and ZAMBIA (NLS-1)",0.278564279245609
"TANZANIA (NLS-1) and ZAMBIA (NLS-1)",0.116052263928218
"TOGO (OLS) and ZAMBIA (NLS-1)",0.143945789870976
"TUNISIA (NLS-1) and ZAMBIA (NLS-1)",0.00385180586980837
"UGANDA (OLS) and ZAMBIA (NLS-1)",0.243118354615159
"ALGERIA (NLS-1) and ZIMBABWE (NLS-2)",0.0361374707713041
"ANGOLA (OLS) and ZIMBABWE (NLS-2)",0.120054593670703
"BENIN (NLS-1) and ZIMBABWE (NLS-2)",0.0955045826527087
"BOTSWANA (NLS-1) and ZIMBABWE (NLS-2)",-0.22795824801935
"BURKINAFASO (NLS-1) and ZIMBABWE (NLS-2)",0.0500314668339838
"BURUNDI (NLS-1) and ZIMBABWE (NLS-2)",0.138530495084783
"CABOVERDE (OLS) and ZIMBABWE (NLS-2)",-0.156465525934011
"CAMEROON (NLS-1) and ZIMBABWE (NLS-2)",-0.222769245660142
"CAR (NLS-2) and ZIMBABWE (NLS-2)",0.125760481253899
"CHAD (NLS-1) and ZIMBABWE (NLS-2)",-0.0262248570281066
"COMOROS (NLS-1) and ZIMBABWE (NLS-2)",-0.0783319466828131
"CONGODR (NLS-2) and ZIMBABWE (NLS-2)",-0.0186501957487916
"CONGOREPUB (NLS-1) and ZIMBABWE (NLS-2)",0.0482568309208132
"DJIBOUTI (NLS-1) and ZIMBABWE (NLS-2)",0.0279884400366238
"EGYPT (NLS-1) and ZIMBABWE (NLS-2)",-0.0503314720196932
"EQGUINEA (NLS-2) and ZIMBABWE (NLS-2)",-0.258772556678009
"ERITREA (OLS) and ZIMBABWE (NLS-2)",0.4677003961165
"ETHIOPIA (NLS-2) and ZIMBABWE (NLS-2)",0.0958707637287337
"GABON (NLS-1) and ZIMBABWE (NLS-2)",0.123916827118712
"GAMBIA (NLS-1) and ZIMBABWE (NLS-2)",-0.0520571861565215
"GHANA (OLS) and ZIMBABWE (NLS-2)",0.214547028968523
"GUINEA (NLS-1) and ZIMBABWE (NLS-2)",-0.11022910499786
"GUINEABISSAU (NLS-1) and ZIMBABWE (NLS-2)",0.0706272047175098
"IVORYCOAST (NLS-1) and ZIMBABWE (NLS-2)",0.0956098183441043
"KENYA (NLS-1) and ZIMBABWE (NLS-2)",-0.0196751244542666
"LESOTHO (NLS-1) and ZIMBABWE (NLS-2)",0.206861358203615
"LIBERIA (NLS-2) and ZIMBABWE (NLS-2)",0.0728159735975325
"LIBYA (NLS-2) and ZIMBABWE (NLS-2)",-0.165955003751642
"MADAGASCAR (NLS-1) and ZIMBABWE (NLS-2)",0.0421880331728563
"MALAWI (NLS-1) and ZIMBABWE (NLS-2)",0.00687134145091771
"MALI (NLS-1) and ZIMBABWE (NLS-2)",-0.0825819780297011
"MAURITANIA (OLS) and ZIMBABWE (NLS-2)",0.102068069341829
"MAURITIUS (OLS) and ZIMBABWE (NLS-2)",0.0020864868712194
"MOROCCO (NLS-1) and ZIMBABWE (NLS-2)",-0.0694095816591688
"MOZAMBIQUE (NLS-1) and ZIMBABWE (NLS-2)",0.105839112412115
"NAMIBIA (NLS-1) and ZIMBABWE (NLS-2)",-0.120959438440647
"NIGER (NLS-1) and ZIMBABWE (NLS-2)",0.0712740054192536
"NIGERIA (NLS-1) and ZIMBABWE (NLS-2)",0.132928903540681
"RWANDA (NLS-1) and ZIMBABWE (NLS-2)",-0.115759955084913
"SAOTOME (NLS-1) and ZIMBABWE (NLS-2)",0.0579534018748032
"SENEGAL (OLS) and ZIMBABWE (NLS-2)",-0.130901732502354
"SEYCHELLES (NLS-1) and ZIMBABWE (NLS-2)",-0.0180525079391633
"SIERRALEONE (NLS-1) and ZIMBABWE (NLS-2)",0.0320798584186766
"SOMALIA (NLS-1) and ZIMBABWE (NLS-2)",-0.130012727048318
"SOUTHAFRICA (NLS-1) and ZIMBABWE (NLS-2)",0.0907344187323684
"SUDAN (OLS) and ZIMBABWE (NLS-2)",-0.11677206499451
"TANZANIA (NLS-1) and ZIMBABWE (NLS-2)",0.00404786665194178
"TOGO (OLS) and ZIMBABWE (NLS-2)",0.141518437643793
"TUNISIA (NLS-1) and ZIMBABWE (NLS-2)",-0.198502017004957
"UGANDA (OLS) and ZIMBABWE (NLS-2)",0.0881611955654109
"ZAMBIA (NLS-1) and ZIMBABWE (NLS-2)",0.17476316568546
